0 verbose cli /opt/homebrew/Cellar/node/24.9.0/bin/node /opt/homebrew/bin/npm
1 info using npm@11.6.0
2 info using node@v24.9.0
3 silly config load:file:/opt/homebrew/lib/node_modules/npm/npmrc
4 silly config load:file:/Users/calaceantitus/Downloads/exemplu/TestRepo/Proiect-IS/musicapp_frontend/.npmrc
5 silly config load:file:/Users/calaceantitus/.npmrc
6 silly config load:file:/opt/homebrew/etc/npmrc
7 verbose title npm install
8 verbose argv "install" "--cache" ".npm-cache"
9 verbose logfile logs-max:10 dir:/Users/calaceantitus/Downloads/exemplu/TestRepo/Proiect-IS/musicapp_frontend/.npm-cache/_logs/2025-11-25T15_11_23_794Z-
10 verbose logfile /Users/calaceantitus/Downloads/exemplu/TestRepo/Proiect-IS/musicapp_frontend/.npm-cache/_logs/2025-11-25T15_11_23_794Z-debug-0.log
11 silly logfile done cleaning log files
12 silly packumentCache heap:2348810240 maxSize:587202560 maxEntrySize:293601280
13 silly idealTree buildDeps
14 silly fetch manifest react@^18.3.1
15 silly packumentCache full:https://registry.npmjs.org/react cache-miss
16 http fetch GET 200 https://registry.npmjs.org/npm 407ms
17 http fetch GET 200 https://registry.npmjs.org/react 747ms (cache miss)
18 silly packumentCache full:https://registry.npmjs.org/react set size:undefined disposed:false
19 silly fetch manifest react-dom@^18.3.1
20 silly packumentCache full:https://registry.npmjs.org/react-dom cache-miss
21 http fetch GET 200 https://registry.npmjs.org/react-dom 516ms (cache miss)
22 silly packumentCache full:https://registry.npmjs.org/react-dom set size:undefined disposed:false
23 silly fetch manifest react-router-dom@^6.28.0
24 silly packumentCache full:https://registry.npmjs.org/react-router-dom cache-miss
25 http fetch GET 200 https://registry.npmjs.org/react-router-dom 197ms (cache miss)
26 silly packumentCache full:https://registry.npmjs.org/react-router-dom set size:undefined disposed:false
27 silly fetch manifest @types/react@^18.3.7
28 silly packumentCache full:https://registry.npmjs.org/@types%2freact cache-miss
29 http fetch GET 200 https://registry.npmjs.org/@types%2freact 178ms (cache miss)
30 silly packumentCache full:https://registry.npmjs.org/@types%2freact set size:undefined disposed:false
31 silly fetch manifest @types/react-dom@^18.3.2
32 silly packumentCache full:https://registry.npmjs.org/@types%2freact-dom cache-miss
33 http fetch GET 200 https://registry.npmjs.org/@types%2freact-dom 101ms (cache miss)
34 silly packumentCache full:https://registry.npmjs.org/@types%2freact-dom set size:undefined disposed:false
35 silly fetch manifest @vitejs/plugin-react@^4.3.1
36 silly packumentCache full:https://registry.npmjs.org/@vitejs%2fplugin-react cache-miss
37 http fetch GET 200 https://registry.npmjs.org/@vitejs%2fplugin-react 95ms (cache miss)
38 silly packumentCache full:https://registry.npmjs.org/@vitejs%2fplugin-react set size:undefined disposed:false
39 silly fetch manifest vite@^5.4.8
40 silly packumentCache full:https://registry.npmjs.org/vite cache-miss
41 http fetch GET 200 https://registry.npmjs.org/vite 1380ms (cache miss)
42 silly packumentCache full:https://registry.npmjs.org/vite set size:undefined disposed:false
43 silly fetch manifest @types/node@^18.0.0 || >=20.0.0
44 silly packumentCache full:https://registry.npmjs.org/@types%2fnode cache-miss
45 http fetch GET 200 https://registry.npmjs.org/@types%2fnode 464ms (cache miss)
46 silly packumentCache full:https://registry.npmjs.org/@types%2fnode set size:undefined disposed:false
47 silly fetch manifest less@*
48 silly packumentCache full:https://registry.npmjs.org/less cache-miss
49 http fetch GET 200 https://registry.npmjs.org/less 120ms (cache miss)
50 silly packumentCache full:https://registry.npmjs.org/less set size:undefined disposed:false
51 silly fetch manifest lightningcss@^1.21.0
52 silly packumentCache full:https://registry.npmjs.org/lightningcss cache-miss
53 http fetch GET 200 https://registry.npmjs.org/lightningcss 70ms (cache miss)
54 silly packumentCache full:https://registry.npmjs.org/lightningcss set size:undefined disposed:false
55 silly fetch manifest sass@*
56 silly packumentCache full:https://registry.npmjs.org/sass cache-miss
57 http fetch GET 200 https://registry.npmjs.org/sass 120ms (cache miss)
58 silly packumentCache full:https://registry.npmjs.org/sass set size:undefined disposed:false
59 silly fetch manifest sass-embedded@*
60 silly packumentCache full:https://registry.npmjs.org/sass-embedded cache-miss
61 http fetch GET 200 https://registry.npmjs.org/sass-embedded 91ms (cache miss)
62 silly packumentCache full:https://registry.npmjs.org/sass-embedded set size:undefined disposed:false
63 silly fetch manifest stylus@*
64 silly packumentCache full:https://registry.npmjs.org/stylus cache-miss
65 http fetch GET 200 https://registry.npmjs.org/stylus 94ms (cache miss)
66 silly packumentCache full:https://registry.npmjs.org/stylus set size:undefined disposed:false
67 silly fetch manifest sugarss@*
68 silly packumentCache full:https://registry.npmjs.org/sugarss cache-miss
69 http fetch GET 200 https://registry.npmjs.org/sugarss 62ms (cache miss)
70 silly packumentCache full:https://registry.npmjs.org/sugarss set size:undefined disposed:false
71 silly fetch manifest postcss@^8.3.3
72 silly packumentCache full:https://registry.npmjs.org/postcss cache-miss
73 http fetch GET 200 https://registry.npmjs.org/postcss 121ms (cache miss)
74 silly packumentCache full:https://registry.npmjs.org/postcss set size:undefined disposed:false
75 silly fetch manifest terser@^5.4.0
76 silly packumentCache full:https://registry.npmjs.org/terser cache-miss
77 http fetch GET 200 https://registry.npmjs.org/terser 117ms (cache miss)
78 silly packumentCache full:https://registry.npmjs.org/terser set size:undefined disposed:false
79 silly fetch manifest typescript@^5.6.3
80 silly packumentCache full:https://registry.npmjs.org/typescript cache-miss
81 http fetch GET 200 https://registry.npmjs.org/typescript 601ms (cache miss)
82 silly packumentCache full:https://registry.npmjs.org/typescript set size:undefined disposed:false
83 silly placeDep ROOT @types/react@18.3.27 OK for: musicapp-frontend@0.1.0 want: ^18.3.7
84 silly placeDep ROOT @types/react-dom@18.3.7 OK for: musicapp-frontend@0.1.0 want: ^18.3.2
85 silly placeDep ROOT @vitejs/plugin-react@4.7.0 OK for: musicapp-frontend@0.1.0 want: ^4.3.1
86 silly placeDep ROOT vite@5.4.21 OK for: @vitejs/plugin-react@4.7.0 want: ^4.2.0 || ^5.0.0 || ^6.0.0 || ^7.0.0
87 silly placeDep ROOT react@18.3.1 OK for: musicapp-frontend@0.1.0 want: ^18.3.1
88 silly placeDep ROOT react-dom@18.3.1 OK for: musicapp-frontend@0.1.0 want: ^18.3.1
89 silly placeDep ROOT react-router-dom@6.30.2 OK for: musicapp-frontend@0.1.0 want: ^6.28.0
90 silly placeDep ROOT typescript@5.9.3 OK for: musicapp-frontend@0.1.0 want: ^5.6.3
91 silly fetch manifest csstype@^3.2.2
92 silly packumentCache full:https://registry.npmjs.org/csstype cache-miss
93 silly fetch manifest @types/prop-types@*
94 silly packumentCache full:https://registry.npmjs.org/@types%2fprop-types cache-miss
95 silly fetch manifest @babel/core@^7.28.0
96 silly packumentCache full:https://registry.npmjs.org/@babel%2fcore cache-miss
97 silly fetch manifest react-refresh@^0.17.0
98 silly packumentCache full:https://registry.npmjs.org/react-refresh cache-miss
99 silly fetch manifest @types/babel__core@^7.20.5
100 silly packumentCache full:https://registry.npmjs.org/@types%2fbabel__core cache-miss
101 silly fetch manifest @rolldown/pluginutils@1.0.0-beta.27
102 silly packumentCache full:https://registry.npmjs.org/@rolldown%2fpluginutils cache-miss
103 silly fetch manifest @babel/plugin-transform-react-jsx-self@^7.27.1
104 silly packumentCache full:https://registry.npmjs.org/@babel%2fplugin-transform-react-jsx-self cache-miss
105 http fetch GET 200 https://registry.npmjs.org/@types%2fprop-types 91ms (cache miss)
106 silly packumentCache full:https://registry.npmjs.org/@types%2fprop-types set size:undefined disposed:false
107 silly fetch manifest @babel/plugin-transform-react-jsx-source@^7.27.1
108 silly packumentCache full:https://registry.npmjs.org/@babel%2fplugin-transform-react-jsx-source cache-miss
109 http fetch GET 200 https://registry.npmjs.org/csstype 96ms (cache miss)
110 silly packumentCache full:https://registry.npmjs.org/csstype set size:undefined disposed:false
111 silly fetch manifest rollup@^4.20.0
112 silly packumentCache full:https://registry.npmjs.org/rollup cache-miss
113 http fetch GET 200 https://registry.npmjs.org/@babel%2fplugin-transform-react-jsx-source 111ms (cache miss)
114 silly packumentCache full:https://registry.npmjs.org/@babel%2fplugin-transform-react-jsx-source set size:undefined disposed:false
115 silly fetch manifest esbuild@^0.21.3
116 silly packumentCache full:https://registry.npmjs.org/esbuild cache-miss
117 http fetch GET 200 https://registry.npmjs.org/@types%2fbabel__core 274ms (cache miss)
118 silly packumentCache full:https://registry.npmjs.org/@types%2fbabel__core set size:undefined disposed:false
119 silly fetch manifest postcss@^8.4.43
120 silly packumentCache full:https://registry.npmjs.org/postcss cache-miss
121 http cache https://registry.npmjs.org/postcss 8ms (cache hit)
122 silly packumentCache full:https://registry.npmjs.org/postcss set size:696248 disposed:false
123 silly fetch manifest fsevents@~2.3.3
124 silly packumentCache full:https://registry.npmjs.org/fsevents cache-miss
125 http fetch GET 200 https://registry.npmjs.org/@babel%2fplugin-transform-react-jsx-self 329ms (cache miss)
126 silly packumentCache full:https://registry.npmjs.org/@babel%2fplugin-transform-react-jsx-self set size:undefined disposed:false
127 silly fetch manifest loose-envify@^1.1.0
128 silly packumentCache full:https://registry.npmjs.org/loose-envify cache-miss
129 http fetch GET 200 https://registry.npmjs.org/@rolldown%2fpluginutils 336ms (cache miss)
130 silly packumentCache full:https://registry.npmjs.org/@rolldown%2fpluginutils set size:undefined disposed:false
131 silly fetch manifest scheduler@^0.23.2
132 silly packumentCache full:https://registry.npmjs.org/scheduler cache-miss
133 http fetch GET 200 https://registry.npmjs.org/@babel%2fcore 436ms (cache miss)
134 silly packumentCache full:https://registry.npmjs.org/@babel%2fcore set size:undefined disposed:false
135 silly fetch manifest loose-envify@^1.1.0
136 silly packumentCache full:https://registry.npmjs.org/loose-envify cache-miss
137 http fetch GET 200 https://registry.npmjs.org/fsevents 186ms (cache miss)
138 silly packumentCache full:https://registry.npmjs.org/fsevents set size:undefined disposed:false
139 silly fetch manifest react-router@6.30.2
140 silly packumentCache full:https://registry.npmjs.org/react-router cache-miss
141 http fetch GET 200 https://registry.npmjs.org/rollup 453ms (cache miss)
142 silly packumentCache full:https://registry.npmjs.org/rollup set size:undefined disposed:false
143 silly fetch manifest @remix-run/router@1.23.1
144 silly packumentCache full:https://registry.npmjs.org/@remix-run%2frouter cache-miss
145 http fetch GET 200 https://registry.npmjs.org/loose-envify 347ms (cache miss)
146 silly packumentCache full:https://registry.npmjs.org/loose-envify set size:undefined disposed:false
147 http fetch GET 200 https://registry.npmjs.org/esbuild 526ms (cache miss)
148 silly packumentCache full:https://registry.npmjs.org/esbuild set size:undefined disposed:false
149 http fetch GET 200 https://registry.npmjs.org/loose-envify 301ms (cache miss)
150 silly packumentCache full:https://registry.npmjs.org/loose-envify set size:undefined disposed:false
151 http fetch GET 200 https://registry.npmjs.org/@remix-run%2frouter 321ms (cache miss)
152 silly packumentCache full:https://registry.npmjs.org/@remix-run%2frouter set size:undefined disposed:false
153 http fetch GET 200 https://registry.npmjs.org/react-router 698ms (cache miss)
154 silly packumentCache full:https://registry.npmjs.org/react-router set size:undefined disposed:false
155 http fetch GET 200 https://registry.npmjs.org/react-refresh 1276ms (cache miss)
156 silly packumentCache full:https://registry.npmjs.org/react-refresh set size:undefined disposed:false
157 http fetch GET 200 https://registry.npmjs.org/scheduler 1028ms (cache miss)
158 silly packumentCache full:https://registry.npmjs.org/scheduler set size:undefined disposed:false
159 silly placeDep ROOT @types/prop-types@15.7.15 OK for: @types/react@18.3.27 want: *
160 silly placeDep ROOT csstype@3.2.3 OK for: @types/react@18.3.27 want: ^3.2.2
161 silly placeDep ROOT @babel/core@7.28.5 OK for: @vitejs/plugin-react@4.7.0 want: ^7.28.0
162 silly placeDep ROOT @babel/plugin-transform-react-jsx-self@7.27.1 OK for: @vitejs/plugin-react@4.7.0 want: ^7.27.1
163 silly placeDep ROOT @babel/plugin-transform-react-jsx-source@7.27.1 OK for: @vitejs/plugin-react@4.7.0 want: ^7.27.1
164 silly placeDep ROOT @rolldown/pluginutils@1.0.0-beta.27 OK for: @vitejs/plugin-react@4.7.0 want: 1.0.0-beta.27
165 silly placeDep ROOT @types/babel__core@7.20.5 OK for: @vitejs/plugin-react@4.7.0 want: ^7.20.5
166 silly placeDep ROOT react-refresh@0.17.0 OK for: @vitejs/plugin-react@4.7.0 want: ^0.17.0
167 silly fetch manifest @babel/code-frame@^7.27.1
168 silly packumentCache full:https://registry.npmjs.org/@babel%2fcode-frame cache-miss
169 silly fetch manifest @babel/generator@^7.28.5
170 silly packumentCache full:https://registry.npmjs.org/@babel%2fgenerator cache-miss
171 silly fetch manifest @babel/helper-compilation-targets@^7.27.2
172 silly packumentCache full:https://registry.npmjs.org/@babel%2fhelper-compilation-targets cache-miss
173 silly fetch manifest @babel/helper-module-transforms@^7.28.3
174 silly packumentCache full:https://registry.npmjs.org/@babel%2fhelper-module-transforms cache-miss
175 silly fetch manifest @babel/helpers@^7.28.4
176 silly packumentCache full:https://registry.npmjs.org/@babel%2fhelpers cache-miss
177 silly fetch manifest @babel/parser@^7.28.5
178 silly packumentCache full:https://registry.npmjs.org/@babel%2fparser cache-miss
179 silly fetch manifest @babel/template@^7.27.2
180 silly packumentCache full:https://registry.npmjs.org/@babel%2ftemplate cache-miss
181 http fetch GET 200 https://registry.npmjs.org/@babel%2fhelper-compilation-targets 149ms (cache miss)
182 silly packumentCache full:https://registry.npmjs.org/@babel%2fhelper-compilation-targets set size:undefined disposed:false
183 silly fetch manifest @babel/traverse@^7.28.5
184 silly packumentCache full:https://registry.npmjs.org/@babel%2ftraverse cache-miss
185 http fetch GET 200 https://registry.npmjs.org/@babel%2fparser 154ms (cache miss)
186 silly packumentCache full:https://registry.npmjs.org/@babel%2fparser set size:undefined disposed:false
187 silly fetch manifest @babel/types@^7.28.5
188 silly packumentCache full:https://registry.npmjs.org/@babel%2ftypes cache-miss
189 http fetch GET 200 https://registry.npmjs.org/@babel%2fhelpers 161ms (cache miss)
190 silly packumentCache full:https://registry.npmjs.org/@babel%2fhelpers set size:undefined disposed:false
191 silly fetch manifest @jridgewell/remapping@^2.3.5
192 silly packumentCache full:https://registry.npmjs.org/@jridgewell%2fremapping cache-miss
193 http fetch GET 200 https://registry.npmjs.org/@babel%2ftemplate 176ms (cache miss)
194 silly packumentCache full:https://registry.npmjs.org/@babel%2ftemplate set size:undefined disposed:false
195 silly fetch manifest convert-source-map@^2.0.0
196 silly packumentCache full:https://registry.npmjs.org/convert-source-map cache-miss
197 http fetch GET 200 https://registry.npmjs.org/@babel%2fcode-frame 189ms (cache miss)
198 silly packumentCache full:https://registry.npmjs.org/@babel%2fcode-frame set size:undefined disposed:false
199 silly fetch manifest debug@^4.1.0
200 silly packumentCache full:https://registry.npmjs.org/debug cache-miss
201 http fetch GET 200 https://registry.npmjs.org/@babel%2fhelper-module-transforms 210ms (cache miss)
202 silly packumentCache full:https://registry.npmjs.org/@babel%2fhelper-module-transforms set size:undefined disposed:false
203 silly fetch manifest gensync@^1.0.0-beta.2
204 silly packumentCache full:https://registry.npmjs.org/gensync cache-miss
205 http fetch GET 200 https://registry.npmjs.org/@babel%2fgenerator 230ms (cache miss)
206 silly packumentCache full:https://registry.npmjs.org/@babel%2fgenerator set size:undefined disposed:false
207 silly fetch manifest json5@^2.2.3
208 silly packumentCache full:https://registry.npmjs.org/json5 cache-miss
209 http fetch GET 200 https://registry.npmjs.org/@babel%2ftypes 98ms (cache miss)
210 silly packumentCache full:https://registry.npmjs.org/@babel%2ftypes set size:undefined disposed:false
211 silly fetch manifest semver@^6.3.1
212 silly packumentCache full:https://registry.npmjs.org/semver cache-miss
213 http fetch GET 200 https://registry.npmjs.org/@jridgewell%2fremapping 103ms (cache miss)
214 silly packumentCache full:https://registry.npmjs.org/@jridgewell%2fremapping set size:undefined disposed:false
215 silly fetch manifest @babel/helper-plugin-utils@^7.27.1
216 silly packumentCache full:https://registry.npmjs.org/@babel%2fhelper-plugin-utils cache-miss
217 http fetch GET 200 https://registry.npmjs.org/@babel%2ftraverse 135ms (cache miss)
218 silly packumentCache full:https://registry.npmjs.org/@babel%2ftraverse set size:undefined disposed:false
219 silly fetch manifest @babel/helper-plugin-utils@^7.27.1
220 silly packumentCache full:https://registry.npmjs.org/@babel%2fhelper-plugin-utils cache-miss
221 http fetch GET 200 https://registry.npmjs.org/convert-source-map 113ms (cache miss)
222 silly packumentCache full:https://registry.npmjs.org/convert-source-map set size:undefined disposed:false
223 silly fetch manifest @babel/types@^7.20.7
224 silly packumentCache full:https://registry.npmjs.org/@babel%2ftypes cache-miss
225 http cache https://registry.npmjs.org/@babel%2ftypes 2ms (cache hit)
226 silly packumentCache full:https://registry.npmjs.org/@babel%2ftypes set size:475698 disposed:false
227 silly fetch manifest @babel/parser@^7.20.7
228 silly packumentCache full:https://registry.npmjs.org/@babel%2fparser cache-miss
229 http cache https://registry.npmjs.org/@babel%2fparser 2ms (cache hit)
230 silly packumentCache full:https://registry.npmjs.org/@babel%2fparser set size:702781 disposed:false
231 silly fetch manifest @types/babel__template@*
232 silly packumentCache full:https://registry.npmjs.org/@types%2fbabel__template cache-miss
233 http fetch GET 200 https://registry.npmjs.org/debug 112ms (cache miss)
234 silly packumentCache full:https://registry.npmjs.org/debug set size:undefined disposed:false
235 silly fetch manifest @types/babel__traverse@*
236 silly packumentCache full:https://registry.npmjs.org/@types%2fbabel__traverse cache-miss
237 http fetch GET 200 https://registry.npmjs.org/gensync 94ms (cache miss)
238 silly packumentCache full:https://registry.npmjs.org/gensync set size:undefined disposed:false
239 silly fetch manifest @types/babel__generator@*
240 silly packumentCache full:https://registry.npmjs.org/@types%2fbabel__generator cache-miss
241 http fetch GET 200 https://registry.npmjs.org/json5 76ms (cache miss)
242 silly packumentCache full:https://registry.npmjs.org/json5 set size:undefined disposed:false
243 http fetch GET 200 https://registry.npmjs.org/semver 87ms (cache miss)
244 silly packumentCache full:https://registry.npmjs.org/semver set size:undefined disposed:false
245 http fetch GET 200 https://registry.npmjs.org/@babel%2fhelper-plugin-utils 94ms (cache miss)
246 silly packumentCache full:https://registry.npmjs.org/@babel%2fhelper-plugin-utils set size:undefined disposed:false
247 http fetch GET 200 https://registry.npmjs.org/@babel%2fhelper-plugin-utils 88ms (cache miss)
248 silly packumentCache full:https://registry.npmjs.org/@babel%2fhelper-plugin-utils set size:undefined disposed:false
249 http fetch GET 200 https://registry.npmjs.org/@types%2fbabel__template 87ms (cache miss)
250 silly packumentCache full:https://registry.npmjs.org/@types%2fbabel__template set size:undefined disposed:false
251 http fetch GET 200 https://registry.npmjs.org/@types%2fbabel__traverse 87ms (cache miss)
252 silly packumentCache full:https://registry.npmjs.org/@types%2fbabel__traverse set size:undefined disposed:false
253 http fetch GET 200 https://registry.npmjs.org/@types%2fbabel__generator 87ms (cache miss)
254 silly packumentCache full:https://registry.npmjs.org/@types%2fbabel__generator set size:undefined disposed:false
255 silly fetch manifest @babel/core@^7.0.0
256 silly packumentCache full:https://registry.npmjs.org/@babel%2fcore cache-miss
257 http cache https://registry.npmjs.org/@babel%2fcore 2ms (cache hit)
258 silly packumentCache full:https://registry.npmjs.org/@babel%2fcore set size:738278 disposed:false
259 silly placeDep ROOT @babel/code-frame@7.27.1 OK for: @babel/core@7.28.5 want: ^7.27.1
260 silly placeDep ROOT @babel/generator@7.28.5 OK for: @babel/core@7.28.5 want: ^7.28.5
261 silly placeDep ROOT @babel/helper-compilation-targets@7.27.2 OK for: @babel/core@7.28.5 want: ^7.27.2
262 silly placeDep ROOT @babel/helper-module-transforms@7.28.3 OK for: @babel/core@7.28.5 want: ^7.28.3
263 silly placeDep ROOT @babel/helpers@7.28.4 OK for: @babel/core@7.28.5 want: ^7.28.4
264 silly placeDep ROOT @babel/parser@7.28.5 OK for: @babel/core@7.28.5 want: ^7.28.5
265 silly placeDep ROOT @babel/template@7.27.2 OK for: @babel/core@7.28.5 want: ^7.27.2
266 silly placeDep ROOT @babel/traverse@7.28.5 OK for: @babel/core@7.28.5 want: ^7.28.5
267 silly placeDep ROOT @babel/types@7.28.5 OK for: @babel/core@7.28.5 want: ^7.28.5
268 silly placeDep ROOT @jridgewell/remapping@2.3.5 OK for: @babel/core@7.28.5 want: ^2.3.5
269 silly placeDep ROOT convert-source-map@2.0.0 OK for: @babel/core@7.28.5 want: ^2.0.0
270 silly placeDep ROOT debug@4.4.3 OK for: @babel/core@7.28.5 want: ^4.1.0
271 silly placeDep ROOT gensync@1.0.0-beta.2 OK for: @babel/core@7.28.5 want: ^1.0.0-beta.2
272 silly placeDep ROOT json5@2.2.3 OK for: @babel/core@7.28.5 want: ^2.2.3
273 silly placeDep ROOT semver@6.3.1 OK for: @babel/core@7.28.5 want: ^6.3.1
274 silly fetch manifest js-tokens@^4.0.0
275 silly packumentCache full:https://registry.npmjs.org/js-tokens cache-miss
276 silly fetch manifest picocolors@^1.1.1
277 silly packumentCache full:https://registry.npmjs.org/picocolors cache-miss
278 silly fetch manifest @babel/helper-validator-identifier@^7.27.1
279 silly packumentCache full:https://registry.npmjs.org/@babel%2fhelper-validator-identifier cache-miss
280 silly fetch manifest @jridgewell/gen-mapping@^0.3.12
281 silly packumentCache full:https://registry.npmjs.org/@jridgewell%2fgen-mapping cache-miss
282 silly fetch manifest @jridgewell/trace-mapping@^0.3.28
283 silly packumentCache full:https://registry.npmjs.org/@jridgewell%2ftrace-mapping cache-miss
284 silly fetch manifest jsesc@^3.0.2
285 silly packumentCache full:https://registry.npmjs.org/jsesc cache-miss
286 silly fetch manifest lru-cache@^5.1.1
287 silly packumentCache full:https://registry.npmjs.org/lru-cache cache-miss
288 http fetch GET 200 https://registry.npmjs.org/picocolors 64ms (cache miss)
289 silly packumentCache full:https://registry.npmjs.org/picocolors set size:undefined disposed:false
290 silly fetch manifest browserslist@^4.24.0
291 silly packumentCache full:https://registry.npmjs.org/browserslist cache-miss
292 http fetch GET 200 https://registry.npmjs.org/jsesc 81ms (cache miss)
293 silly packumentCache full:https://registry.npmjs.org/jsesc set size:undefined disposed:false
294 silly fetch manifest @babel/compat-data@^7.27.2
295 silly packumentCache full:https://registry.npmjs.org/@babel%2fcompat-data cache-miss
296 http fetch GET 200 https://registry.npmjs.org/@babel%2fhelper-validator-identifier 94ms (cache miss)
297 silly packumentCache full:https://registry.npmjs.org/@babel%2fhelper-validator-identifier set size:undefined disposed:false
298 silly fetch manifest @babel/helper-validator-option@^7.27.1
299 silly packumentCache full:https://registry.npmjs.org/@babel%2fhelper-validator-option cache-miss
300 http fetch GET 200 https://registry.npmjs.org/js-tokens 113ms (cache miss)
301 silly packumentCache full:https://registry.npmjs.org/js-tokens set size:undefined disposed:false
302 silly fetch manifest @babel/traverse@^7.28.3
303 silly packumentCache full:https://registry.npmjs.org/@babel%2ftraverse cache-miss
304 http cache https://registry.npmjs.org/@babel%2ftraverse 2ms (cache hit)
305 silly packumentCache full:https://registry.npmjs.org/@babel%2ftraverse set size:535703 disposed:false
306 silly fetch manifest @babel/helper-module-imports@^7.27.1
307 silly packumentCache full:https://registry.npmjs.org/@babel%2fhelper-module-imports cache-miss
308 http fetch GET 200 https://registry.npmjs.org/@jridgewell%2fgen-mapping 122ms (cache miss)
309 silly packumentCache full:https://registry.npmjs.org/@jridgewell%2fgen-mapping set size:undefined disposed:false
310 silly fetch manifest @babel/types@^7.28.4
311 silly packumentCache full:https://registry.npmjs.org/@babel%2ftypes cache-hit
312 silly fetch manifest @babel/types@^7.27.1
313 silly packumentCache full:https://registry.npmjs.org/@babel%2ftypes cache-hit
314 silly fetch manifest @babel/helper-globals@^7.28.0
315 silly packumentCache full:https://registry.npmjs.org/@babel%2fhelper-globals cache-miss
316 http fetch GET 200 https://registry.npmjs.org/@jridgewell%2ftrace-mapping 141ms (cache miss)
317 silly packumentCache full:https://registry.npmjs.org/@jridgewell%2ftrace-mapping set size:undefined disposed:false
318 silly fetch manifest debug@^4.3.1
319 silly packumentCache full:https://registry.npmjs.org/debug cache-miss
320 http cache https://registry.npmjs.org/debug 1ms (cache hit)
321 silly packumentCache full:https://registry.npmjs.org/debug set size:195840 disposed:false
322 silly fetch manifest @babel/helper-string-parser@^7.27.1
323 silly packumentCache full:https://registry.npmjs.org/@babel%2fhelper-string-parser cache-miss
324 http fetch GET 200 https://registry.npmjs.org/lru-cache 147ms (cache miss)
325 silly packumentCache full:https://registry.npmjs.org/lru-cache set size:undefined disposed:false
326 silly fetch manifest @babel/helper-validator-identifier@^7.28.5
327 silly packumentCache full:https://registry.npmjs.org/@babel%2fhelper-validator-identifier cache-miss
328 http cache https://registry.npmjs.org/@babel%2fhelper-validator-identifier 1ms (cache hit)
329 silly packumentCache full:https://registry.npmjs.org/@babel%2fhelper-validator-identifier set size:108996 disposed:false
330 silly fetch manifest @jridgewell/gen-mapping@^0.3.5
331 silly packumentCache full:https://registry.npmjs.org/@jridgewell%2fgen-mapping cache-miss
332 http cache https://registry.npmjs.org/@jridgewell%2fgen-mapping 1ms (cache hit)
333 silly packumentCache full:https://registry.npmjs.org/@jridgewell%2fgen-mapping set size:80719 disposed:false
334 silly fetch manifest @jridgewell/trace-mapping@^0.3.24
335 silly packumentCache full:https://registry.npmjs.org/@jridgewell%2ftrace-mapping cache-miss
336 http cache https://registry.npmjs.org/@jridgewell%2ftrace-mapping 1ms (cache hit)
337 silly packumentCache full:https://registry.npmjs.org/@jridgewell%2ftrace-mapping set size:170909 disposed:false
338 silly fetch manifest ms@^2.1.3
339 silly packumentCache full:https://registry.npmjs.org/ms cache-miss
340 http fetch GET 200 https://registry.npmjs.org/@babel%2fhelper-validator-option 91ms (cache miss)
341 silly packumentCache full:https://registry.npmjs.org/@babel%2fhelper-validator-option set size:undefined disposed:false
342 http fetch GET 200 https://registry.npmjs.org/browserslist 156ms (cache miss)
343 silly packumentCache full:https://registry.npmjs.org/browserslist set size:undefined disposed:false
344 http fetch GET 200 https://registry.npmjs.org/@babel%2fhelper-globals 101ms (cache miss)
345 silly packumentCache full:https://registry.npmjs.org/@babel%2fhelper-globals set size:undefined disposed:false
346 http fetch GET 200 https://registry.npmjs.org/@babel%2fcompat-data 143ms (cache miss)
347 silly packumentCache full:https://registry.npmjs.org/@babel%2fcompat-data set size:undefined disposed:false
348 http fetch GET 200 https://registry.npmjs.org/@babel%2fhelper-module-imports 122ms (cache miss)
349 silly packumentCache full:https://registry.npmjs.org/@babel%2fhelper-module-imports set size:undefined disposed:false
350 http fetch GET 200 https://registry.npmjs.org/ms 95ms (cache miss)
351 silly packumentCache full:https://registry.npmjs.org/ms set size:undefined disposed:false
352 http fetch GET 200 https://registry.npmjs.org/@babel%2fhelper-string-parser 105ms (cache miss)
353 silly packumentCache full:https://registry.npmjs.org/@babel%2fhelper-string-parser set size:undefined disposed:false
354 silly placeDep ROOT @babel/helper-validator-identifier@7.28.5 OK for: @babel/code-frame@7.27.1 want: ^7.27.1
355 silly placeDep ROOT js-tokens@4.0.0 OK for: @babel/code-frame@7.27.1 want: ^4.0.0
356 silly placeDep ROOT picocolors@1.1.1 OK for: @babel/code-frame@7.27.1 want: ^1.1.1
357 silly placeDep ROOT @jridgewell/gen-mapping@0.3.13 OK for: @babel/generator@7.28.5 want: ^0.3.12
358 silly placeDep ROOT @jridgewell/trace-mapping@0.3.31 OK for: @babel/generator@7.28.5 want: ^0.3.28
359 silly placeDep ROOT jsesc@3.1.0 OK for: @babel/generator@7.28.5 want: ^3.0.2
360 silly fetch manifest @jridgewell/sourcemap-codec@^1.5.0
361 silly packumentCache full:https://registry.npmjs.org/@jridgewell%2fsourcemap-codec cache-miss
362 silly fetch manifest @jridgewell/resolve-uri@^3.1.0
363 silly packumentCache full:https://registry.npmjs.org/@jridgewell%2fresolve-uri cache-miss
364 silly fetch manifest @jridgewell/sourcemap-codec@^1.4.14
365 silly packumentCache full:https://registry.npmjs.org/@jridgewell%2fsourcemap-codec cache-miss
366 http fetch GET 200 https://registry.npmjs.org/@jridgewell%2fsourcemap-codec 82ms (cache miss)
367 silly packumentCache full:https://registry.npmjs.org/@jridgewell%2fsourcemap-codec set size:undefined disposed:false
368 http fetch GET 200 https://registry.npmjs.org/@jridgewell%2fresolve-uri 88ms (cache miss)
369 silly packumentCache full:https://registry.npmjs.org/@jridgewell%2fresolve-uri set size:undefined disposed:false
370 http fetch GET 200 https://registry.npmjs.org/@jridgewell%2fsourcemap-codec 90ms (cache miss)
371 silly packumentCache full:https://registry.npmjs.org/@jridgewell%2fsourcemap-codec set size:undefined disposed:false
372 silly placeDep ROOT @babel/compat-data@7.28.5 OK for: @babel/helper-compilation-targets@7.27.2 want: ^7.27.2
373 silly placeDep ROOT @babel/helper-validator-option@7.27.1 OK for: @babel/helper-compilation-targets@7.27.2 want: ^7.27.1
374 silly placeDep ROOT browserslist@4.28.0 OK for: @babel/helper-compilation-targets@7.27.2 want: ^4.24.0
375 silly placeDep ROOT lru-cache@5.1.1 OK for: @babel/helper-compilation-targets@7.27.2 want: ^5.1.1
376 silly fetch manifest baseline-browser-mapping@^2.8.25
377 silly packumentCache full:https://registry.npmjs.org/baseline-browser-mapping cache-miss
378 silly fetch manifest caniuse-lite@^1.0.30001754
379 silly packumentCache full:https://registry.npmjs.org/caniuse-lite cache-miss
380 silly fetch manifest electron-to-chromium@^1.5.249
381 silly packumentCache full:https://registry.npmjs.org/electron-to-chromium cache-miss
382 silly fetch manifest node-releases@^2.0.27
383 silly packumentCache full:https://registry.npmjs.org/node-releases cache-miss
384 silly fetch manifest update-browserslist-db@^1.1.4
385 silly packumentCache full:https://registry.npmjs.org/update-browserslist-db cache-miss
386 silly fetch manifest yallist@^3.0.2
387 silly packumentCache full:https://registry.npmjs.org/yallist cache-miss
388 http fetch GET 200 https://registry.npmjs.org/update-browserslist-db 66ms (cache miss)
389 silly packumentCache full:https://registry.npmjs.org/update-browserslist-db set size:undefined disposed:false
390 http fetch GET 200 https://registry.npmjs.org/yallist 84ms (cache miss)
391 silly packumentCache full:https://registry.npmjs.org/yallist set size:undefined disposed:false
392 http fetch GET 200 https://registry.npmjs.org/baseline-browser-mapping 114ms (cache miss)
393 silly packumentCache full:https://registry.npmjs.org/baseline-browser-mapping set size:undefined disposed:false
394 http fetch GET 200 https://registry.npmjs.org/node-releases 134ms (cache miss)
395 silly packumentCache full:https://registry.npmjs.org/node-releases set size:undefined disposed:false
396 http fetch GET 200 https://registry.npmjs.org/caniuse-lite 409ms (cache miss)
397 silly packumentCache full:https://registry.npmjs.org/caniuse-lite set size:undefined disposed:false
398 http fetch GET 200 https://registry.npmjs.org/electron-to-chromium 892ms (cache miss)
399 silly packumentCache full:https://registry.npmjs.org/electron-to-chromium set size:undefined disposed:false
400 silly placeDep ROOT @babel/helper-module-imports@7.27.1 OK for: @babel/helper-module-transforms@7.28.3 want: ^7.27.1
401 silly placeDep ROOT @babel/helper-plugin-utils@7.27.1 OK for: @babel/plugin-transform-react-jsx-self@7.27.1 want: ^7.27.1
402 silly placeDep ROOT @babel/helper-globals@7.28.0 OK for: @babel/traverse@7.28.5 want: ^7.28.0
403 silly placeDep ROOT @babel/helper-string-parser@7.27.1 OK for: @babel/types@7.28.5 want: ^7.27.1
404 silly placeDep ROOT @jridgewell/sourcemap-codec@1.5.5 OK for: @jridgewell/gen-mapping@0.3.13 want: ^1.5.0
405 silly placeDep ROOT @jridgewell/resolve-uri@3.1.2 OK for: @jridgewell/trace-mapping@0.3.31 want: ^3.1.0
406 silly placeDep ROOT @types/babel__generator@7.27.0 OK for: @types/babel__core@7.20.5 want: *
407 silly placeDep ROOT @types/babel__template@7.4.4 OK for: @types/babel__core@7.20.5 want: *
408 silly placeDep ROOT @types/babel__traverse@7.28.0 OK for: @types/babel__core@7.20.5 want: *
409 silly fetch manifest browserslist@>= 4.21.0
410 silly packumentCache full:https://registry.npmjs.org/browserslist cache-miss
411 http cache https://registry.npmjs.org/browserslist 2ms (cache hit)
412 silly packumentCache full:https://registry.npmjs.org/browserslist set size:500962 disposed:false
413 silly placeDep ROOT baseline-browser-mapping@2.8.31 OK for: browserslist@4.28.0 want: ^2.8.25
414 silly placeDep ROOT caniuse-lite@1.0.30001757 OK for: browserslist@4.28.0 want: ^1.0.30001754
415 silly placeDep ROOT electron-to-chromium@1.5.260 OK for: browserslist@4.28.0 want: ^1.5.249
416 silly placeDep ROOT node-releases@2.0.27 OK for: browserslist@4.28.0 want: ^2.0.27
417 silly placeDep ROOT update-browserslist-db@1.1.4 OK for: browserslist@4.28.0 want: ^1.1.4
418 silly fetch manifest escalade@^3.2.0
419 silly packumentCache full:https://registry.npmjs.org/escalade cache-miss
420 http fetch GET 200 https://registry.npmjs.org/escalade 61ms (cache miss)
421 silly packumentCache full:https://registry.npmjs.org/escalade set size:undefined disposed:false
422 silly placeDep ROOT ms@2.1.3 OK for: debug@4.4.3 want: ^2.1.3
423 silly placeDep ROOT yallist@3.1.1 OK for: lru-cache@5.1.1 want: ^3.0.2
424 silly placeDep ROOT loose-envify@1.4.0 OK for: react@18.3.1 want: ^1.1.0
425 silly placeDep ROOT scheduler@0.23.2 OK for: react-dom@18.3.1 want: ^0.23.2
426 silly fetch manifest react@>=16.8
427 silly packumentCache full:https://registry.npmjs.org/react cache-miss
428 http cache https://registry.npmjs.org/react 13ms (cache hit)
429 silly packumentCache full:https://registry.npmjs.org/react set size:6287832 disposed:false
430 silly placeDep ROOT @remix-run/router@1.23.1 OK for: react-router-dom@6.30.2 want: 1.23.1
431 silly placeDep ROOT react-router@6.30.2 OK for: react-router-dom@6.30.2 want: 6.30.2
432 silly placeDep ROOT escalade@3.2.0 OK for: update-browserslist-db@1.1.4 want: ^3.2.0
433 silly placeDep ROOT esbuild@0.21.5 OK for: vite@5.4.21 want: ^0.21.3
434 silly placeDep ROOT fsevents@2.3.3 OK for: vite@5.4.21 want: ~2.3.3
435 silly placeDep ROOT postcss@8.5.6 OK for: vite@5.4.21 want: ^8.4.43
436 silly placeDep ROOT rollup@4.53.3 OK for: vite@5.4.21 want: ^4.20.0
437 silly fetch manifest @esbuild/aix-ppc64@0.21.5
438 silly packumentCache full:https://registry.npmjs.org/@esbuild%2faix-ppc64 cache-miss
439 silly fetch manifest @esbuild/linux-arm@0.21.5
440 silly packumentCache full:https://registry.npmjs.org/@esbuild%2flinux-arm cache-miss
441 silly fetch manifest @esbuild/linux-x64@0.21.5
442 silly packumentCache full:https://registry.npmjs.org/@esbuild%2flinux-x64 cache-miss
443 silly fetch manifest @esbuild/sunos-x64@0.21.5
444 silly packumentCache full:https://registry.npmjs.org/@esbuild%2fsunos-x64 cache-miss
445 silly fetch manifest @esbuild/win32-x64@0.21.5
446 silly packumentCache full:https://registry.npmjs.org/@esbuild%2fwin32-x64 cache-miss
447 silly fetch manifest @esbuild/darwin-x64@0.21.5
448 silly packumentCache full:https://registry.npmjs.org/@esbuild%2fdarwin-x64 cache-miss
449 silly fetch manifest @esbuild/linux-ia32@0.21.5
450 silly packumentCache full:https://registry.npmjs.org/@esbuild%2flinux-ia32 cache-miss
451 http fetch GET 200 https://registry.npmjs.org/@esbuild%2faix-ppc64 106ms (cache miss)
452 silly packumentCache full:https://registry.npmjs.org/@esbuild%2faix-ppc64 set size:undefined disposed:false
453 silly fetch manifest @esbuild/netbsd-x64@0.21.5
454 silly packumentCache full:https://registry.npmjs.org/@esbuild%2fnetbsd-x64 cache-miss
455 http fetch GET 200 https://registry.npmjs.org/@esbuild%2flinux-arm 121ms (cache miss)
456 silly packumentCache full:https://registry.npmjs.org/@esbuild%2flinux-arm set size:undefined disposed:false
457 silly fetch manifest @esbuild/win32-ia32@0.21.5
458 silly packumentCache full:https://registry.npmjs.org/@esbuild%2fwin32-ia32 cache-miss
459 http fetch GET 200 https://registry.npmjs.org/@esbuild%2fsunos-x64 135ms (cache miss)
460 silly packumentCache full:https://registry.npmjs.org/@esbuild%2fsunos-x64 set size:undefined disposed:false
461 silly fetch manifest @esbuild/android-arm@0.21.5
462 silly packumentCache full:https://registry.npmjs.org/@esbuild%2fandroid-arm cache-miss
463 http fetch GET 200 https://registry.npmjs.org/@esbuild%2flinux-x64 141ms (cache miss)
464 silly packumentCache full:https://registry.npmjs.org/@esbuild%2flinux-x64 set size:undefined disposed:false
465 silly fetch manifest @esbuild/android-x64@0.21.5
466 silly packumentCache full:https://registry.npmjs.org/@esbuild%2fandroid-x64 cache-miss
467 http fetch GET 200 https://registry.npmjs.org/@esbuild%2flinux-ia32 157ms (cache miss)
468 silly packumentCache full:https://registry.npmjs.org/@esbuild%2flinux-ia32 set size:undefined disposed:false
469 silly fetch manifest @esbuild/freebsd-x64@0.21.5
470 silly packumentCache full:https://registry.npmjs.org/@esbuild%2ffreebsd-x64 cache-miss
471 http fetch GET 200 https://registry.npmjs.org/@esbuild%2fdarwin-x64 170ms (cache miss)
472 silly packumentCache full:https://registry.npmjs.org/@esbuild%2fdarwin-x64 set size:undefined disposed:false
473 silly fetch manifest @esbuild/linux-arm64@0.21.5
474 silly packumentCache full:https://registry.npmjs.org/@esbuild%2flinux-arm64 cache-miss
475 http fetch GET 200 https://registry.npmjs.org/@esbuild%2fwin32-x64 174ms (cache miss)
476 silly packumentCache full:https://registry.npmjs.org/@esbuild%2fwin32-x64 set size:undefined disposed:false
477 silly fetch manifest @esbuild/linux-ppc64@0.21.5
478 silly packumentCache full:https://registry.npmjs.org/@esbuild%2flinux-ppc64 cache-miss
479 http fetch GET 200 https://registry.npmjs.org/@esbuild%2fwin32-ia32 98ms (cache miss)
480 silly packumentCache full:https://registry.npmjs.org/@esbuild%2fwin32-ia32 set size:undefined disposed:false
481 silly fetch manifest @esbuild/linux-s390x@0.21.5
482 silly packumentCache full:https://registry.npmjs.org/@esbuild%2flinux-s390x cache-miss
483 http fetch GET 200 https://registry.npmjs.org/@esbuild%2fnetbsd-x64 120ms (cache miss)
484 silly packumentCache full:https://registry.npmjs.org/@esbuild%2fnetbsd-x64 set size:undefined disposed:false
485 silly fetch manifest @esbuild/openbsd-x64@0.21.5
486 silly packumentCache full:https://registry.npmjs.org/@esbuild%2fopenbsd-x64 cache-miss
487 http fetch GET 200 https://registry.npmjs.org/@esbuild%2fandroid-arm 123ms (cache miss)
488 silly packumentCache full:https://registry.npmjs.org/@esbuild%2fandroid-arm set size:undefined disposed:false
489 silly fetch manifest @esbuild/win32-arm64@0.21.5
490 silly packumentCache full:https://registry.npmjs.org/@esbuild%2fwin32-arm64 cache-miss
491 http fetch GET 200 https://registry.npmjs.org/@esbuild%2fandroid-x64 121ms (cache miss)
492 silly packumentCache full:https://registry.npmjs.org/@esbuild%2fandroid-x64 set size:undefined disposed:false
493 silly fetch manifest @esbuild/darwin-arm64@0.21.5
494 silly packumentCache full:https://registry.npmjs.org/@esbuild%2fdarwin-arm64 cache-miss
495 http fetch GET 200 https://registry.npmjs.org/@esbuild%2ffreebsd-x64 118ms (cache miss)
496 silly packumentCache full:https://registry.npmjs.org/@esbuild%2ffreebsd-x64 set size:undefined disposed:false
497 silly fetch manifest @esbuild/android-arm64@0.21.5
498 silly packumentCache full:https://registry.npmjs.org/@esbuild%2fandroid-arm64 cache-miss
499 http fetch GET 200 https://registry.npmjs.org/@esbuild%2flinux-arm64 109ms (cache miss)
500 silly packumentCache full:https://registry.npmjs.org/@esbuild%2flinux-arm64 set size:undefined disposed:false
501 silly fetch manifest @esbuild/freebsd-arm64@0.21.5
502 silly packumentCache full:https://registry.npmjs.org/@esbuild%2ffreebsd-arm64 cache-miss
503 http fetch GET 200 https://registry.npmjs.org/@esbuild%2flinux-s390x 90ms (cache miss)
504 silly packumentCache full:https://registry.npmjs.org/@esbuild%2flinux-s390x set size:undefined disposed:false
505 silly fetch manifest @esbuild/linux-loong64@0.21.5
506 silly packumentCache full:https://registry.npmjs.org/@esbuild%2flinux-loong64 cache-miss
507 http fetch GET 200 https://registry.npmjs.org/@esbuild%2flinux-ppc64 140ms (cache miss)
508 silly packumentCache full:https://registry.npmjs.org/@esbuild%2flinux-ppc64 set size:undefined disposed:false
509 silly fetch manifest @esbuild/linux-riscv64@0.21.5
510 silly packumentCache full:https://registry.npmjs.org/@esbuild%2flinux-riscv64 cache-miss
511 http fetch GET 200 https://registry.npmjs.org/@esbuild%2fopenbsd-x64 117ms (cache miss)
512 silly packumentCache full:https://registry.npmjs.org/@esbuild%2fopenbsd-x64 set size:undefined disposed:false
513 silly fetch manifest @esbuild/linux-mips64el@0.21.5
514 silly packumentCache full:https://registry.npmjs.org/@esbuild%2flinux-mips64el cache-miss
515 http fetch GET 200 https://registry.npmjs.org/@esbuild%2fdarwin-arm64 104ms (cache miss)
516 silly packumentCache full:https://registry.npmjs.org/@esbuild%2fdarwin-arm64 set size:undefined disposed:false
517 silly fetch manifest nanoid@^3.3.11
518 silly packumentCache full:https://registry.npmjs.org/nanoid cache-miss
519 http fetch GET 200 https://registry.npmjs.org/@esbuild%2fwin32-arm64 120ms (cache miss)
520 silly packumentCache full:https://registry.npmjs.org/@esbuild%2fwin32-arm64 set size:undefined disposed:false
521 silly fetch manifest source-map-js@^1.2.1
522 silly packumentCache full:https://registry.npmjs.org/source-map-js cache-miss
523 http fetch GET 200 https://registry.npmjs.org/@esbuild%2fandroid-arm64 129ms (cache miss)
524 silly packumentCache full:https://registry.npmjs.org/@esbuild%2fandroid-arm64 set size:undefined disposed:false
525 silly fetch manifest @types/estree@1.0.8
526 silly packumentCache full:https://registry.npmjs.org/@types%2festree cache-miss
527 http fetch GET 200 https://registry.npmjs.org/@esbuild%2ffreebsd-arm64 134ms (cache miss)
528 silly packumentCache full:https://registry.npmjs.org/@esbuild%2ffreebsd-arm64 set size:undefined disposed:false
529 silly fetch manifest @rollup/rollup-darwin-arm64@4.53.3
530 silly packumentCache full:https://registry.npmjs.org/@rollup%2frollup-darwin-arm64 cache-miss
531 http fetch GET 200 https://registry.npmjs.org/@esbuild%2flinux-loong64 124ms (cache miss)
532 silly packumentCache full:https://registry.npmjs.org/@esbuild%2flinux-loong64 set size:undefined disposed:false
533 silly fetch manifest @rollup/rollup-android-arm64@4.53.3
534 silly packumentCache full:https://registry.npmjs.org/@rollup%2frollup-android-arm64 cache-miss
535 http fetch GET 200 https://registry.npmjs.org/@esbuild%2flinux-riscv64 132ms (cache miss)
536 silly packumentCache full:https://registry.npmjs.org/@esbuild%2flinux-riscv64 set size:undefined disposed:false
537 silly fetch manifest @rollup/rollup-win32-arm64-msvc@4.53.3
538 silly packumentCache full:https://registry.npmjs.org/@rollup%2frollup-win32-arm64-msvc cache-miss
539 http fetch GET 200 https://registry.npmjs.org/@esbuild%2flinux-mips64el 109ms (cache miss)
540 silly packumentCache full:https://registry.npmjs.org/@esbuild%2flinux-mips64el set size:undefined disposed:false
541 silly fetch manifest @rollup/rollup-freebsd-arm64@4.53.3
542 silly packumentCache full:https://registry.npmjs.org/@rollup%2frollup-freebsd-arm64 cache-miss
543 http fetch GET 200 https://registry.npmjs.org/nanoid 114ms (cache miss)
544 silly packumentCache full:https://registry.npmjs.org/nanoid set size:undefined disposed:false
545 silly fetch manifest @rollup/rollup-linux-arm64-gnu@4.53.3
546 silly packumentCache full:https://registry.npmjs.org/@rollup%2frollup-linux-arm64-gnu cache-miss
547 http fetch GET 200 https://registry.npmjs.org/source-map-js 107ms (cache miss)
548 silly packumentCache full:https://registry.npmjs.org/source-map-js set size:undefined disposed:false
549 silly fetch manifest @rollup/rollup-linux-arm64-musl@4.53.3
550 silly packumentCache full:https://registry.npmjs.org/@rollup%2frollup-linux-arm64-musl cache-miss
551 http fetch GET 200 https://registry.npmjs.org/@types%2festree 92ms (cache miss)
552 silly packumentCache full:https://registry.npmjs.org/@types%2festree set size:undefined disposed:false
553 silly fetch manifest @rollup/rollup-android-arm-eabi@4.53.3
554 silly packumentCache full:https://registry.npmjs.org/@rollup%2frollup-android-arm-eabi cache-miss
555 http fetch GET 200 https://registry.npmjs.org/@rollup%2frollup-darwin-arm64 90ms (cache miss)
556 silly packumentCache full:https://registry.npmjs.org/@rollup%2frollup-darwin-arm64 set size:undefined disposed:false
557 silly fetch manifest @rollup/rollup-linux-arm-gnueabihf@4.53.3
558 silly packumentCache full:https://registry.npmjs.org/@rollup%2frollup-linux-arm-gnueabihf cache-miss
559 http fetch GET 200 https://registry.npmjs.org/@rollup%2frollup-android-arm64 83ms (cache miss)
560 silly packumentCache full:https://registry.npmjs.org/@rollup%2frollup-android-arm64 set size:undefined disposed:false
561 silly fetch manifest @rollup/rollup-linux-arm-musleabihf@4.53.3
562 silly packumentCache full:https://registry.npmjs.org/@rollup%2frollup-linux-arm-musleabihf cache-miss
563 http fetch GET 200 https://registry.npmjs.org/@rollup%2frollup-freebsd-arm64 83ms (cache miss)
564 silly packumentCache full:https://registry.npmjs.org/@rollup%2frollup-freebsd-arm64 set size:undefined disposed:false
565 silly fetch manifest @rollup/rollup-win32-ia32-msvc@4.53.3
566 silly packumentCache full:https://registry.npmjs.org/@rollup%2frollup-win32-ia32-msvc cache-miss
567 http fetch GET 200 https://registry.npmjs.org/@rollup%2frollup-win32-arm64-msvc 104ms (cache miss)
568 silly packumentCache full:https://registry.npmjs.org/@rollup%2frollup-win32-arm64-msvc set size:undefined disposed:false
569 silly fetch manifest @rollup/rollup-linux-loong64-gnu@4.53.3
570 silly packumentCache full:https://registry.npmjs.org/@rollup%2frollup-linux-loong64-gnu cache-miss
571 http fetch GET 200 https://registry.npmjs.org/@rollup%2frollup-linux-arm64-musl 87ms (cache miss)
572 silly packumentCache full:https://registry.npmjs.org/@rollup%2frollup-linux-arm64-musl set size:undefined disposed:false
573 silly fetch manifest @rollup/rollup-linux-riscv64-gnu@4.53.3
574 silly packumentCache full:https://registry.npmjs.org/@rollup%2frollup-linux-riscv64-gnu cache-miss
575 http fetch GET 200 https://registry.npmjs.org/@rollup%2frollup-linux-arm64-gnu 105ms (cache miss)
576 silly packumentCache full:https://registry.npmjs.org/@rollup%2frollup-linux-arm64-gnu set size:undefined disposed:false
577 silly fetch manifest @rollup/rollup-linux-riscv64-musl@4.53.3
578 silly packumentCache full:https://registry.npmjs.org/@rollup%2frollup-linux-riscv64-musl cache-miss
579 http fetch GET 200 https://registry.npmjs.org/@rollup%2frollup-android-arm-eabi 108ms (cache miss)
580 silly packumentCache full:https://registry.npmjs.org/@rollup%2frollup-android-arm-eabi set size:undefined disposed:false
581 silly fetch manifest @rollup/rollup-linux-ppc64-gnu@4.53.3
582 silly packumentCache full:https://registry.npmjs.org/@rollup%2frollup-linux-ppc64-gnu cache-miss
583 http fetch GET 200 https://registry.npmjs.org/@rollup%2frollup-linux-arm-musleabihf 101ms (cache miss)
584 silly packumentCache full:https://registry.npmjs.org/@rollup%2frollup-linux-arm-musleabihf set size:undefined disposed:false
585 silly fetch manifest @rollup/rollup-linux-s390x-gnu@4.53.3
586 silly packumentCache full:https://registry.npmjs.org/@rollup%2frollup-linux-s390x-gnu cache-miss
587 http fetch GET 200 https://registry.npmjs.org/@rollup%2frollup-linux-arm-gnueabihf 120ms (cache miss)
588 silly packumentCache full:https://registry.npmjs.org/@rollup%2frollup-linux-arm-gnueabihf set size:undefined disposed:false
589 silly fetch manifest @rollup/rollup-darwin-x64@4.53.3
590 silly packumentCache full:https://registry.npmjs.org/@rollup%2frollup-darwin-x64 cache-miss
591 http fetch GET 200 https://registry.npmjs.org/@rollup%2frollup-linux-loong64-gnu 83ms (cache miss)
592 silly packumentCache full:https://registry.npmjs.org/@rollup%2frollup-linux-loong64-gnu set size:undefined disposed:false
593 silly fetch manifest @rollup/rollup-win32-x64-gnu@4.53.3
594 silly packumentCache full:https://registry.npmjs.org/@rollup%2frollup-win32-x64-gnu cache-miss
595 http fetch GET 200 https://registry.npmjs.org/@rollup%2frollup-win32-ia32-msvc 99ms (cache miss)
596 silly packumentCache full:https://registry.npmjs.org/@rollup%2frollup-win32-ia32-msvc set size:undefined disposed:false
597 silly fetch manifest @rollup/rollup-win32-x64-msvc@4.53.3
598 silly packumentCache full:https://registry.npmjs.org/@rollup%2frollup-win32-x64-msvc cache-miss
599 http fetch GET 200 https://registry.npmjs.org/@rollup%2frollup-linux-riscv64-gnu 99ms (cache miss)
600 silly packumentCache full:https://registry.npmjs.org/@rollup%2frollup-linux-riscv64-gnu set size:undefined disposed:false
601 silly fetch manifest @rollup/rollup-freebsd-x64@4.53.3
602 silly packumentCache full:https://registry.npmjs.org/@rollup%2frollup-freebsd-x64 cache-miss
603 http fetch GET 200 https://registry.npmjs.org/@rollup%2frollup-linux-riscv64-musl 103ms (cache miss)
604 silly packumentCache full:https://registry.npmjs.org/@rollup%2frollup-linux-riscv64-musl set size:undefined disposed:false
605 silly fetch manifest @rollup/rollup-linux-x64-gnu@4.53.3
606 silly packumentCache full:https://registry.npmjs.org/@rollup%2frollup-linux-x64-gnu cache-miss
607 http fetch GET 200 https://registry.npmjs.org/@rollup%2frollup-linux-ppc64-gnu 96ms (cache miss)
608 silly packumentCache full:https://registry.npmjs.org/@rollup%2frollup-linux-ppc64-gnu set size:undefined disposed:false
609 silly fetch manifest @rollup/rollup-linux-x64-musl@4.53.3
610 silly packumentCache full:https://registry.npmjs.org/@rollup%2frollup-linux-x64-musl cache-miss
611 http fetch GET 200 https://registry.npmjs.org/@rollup%2frollup-linux-s390x-gnu 99ms (cache miss)
612 silly packumentCache full:https://registry.npmjs.org/@rollup%2frollup-linux-s390x-gnu set size:undefined disposed:false
613 silly fetch manifest @rollup/rollup-openharmony-arm64@4.53.3
614 silly packumentCache full:https://registry.npmjs.org/@rollup%2frollup-openharmony-arm64 cache-miss
615 http fetch GET 200 https://registry.npmjs.org/@rollup%2frollup-win32-x64-gnu 99ms (cache miss)
616 silly packumentCache full:https://registry.npmjs.org/@rollup%2frollup-win32-x64-gnu set size:undefined disposed:false
617 http fetch GET 200 https://registry.npmjs.org/@rollup%2frollup-darwin-x64 114ms (cache miss)
618 silly packumentCache full:https://registry.npmjs.org/@rollup%2frollup-darwin-x64 set size:undefined disposed:false
619 http fetch GET 200 https://registry.npmjs.org/@rollup%2frollup-win32-x64-msvc 121ms (cache miss)
620 silly packumentCache full:https://registry.npmjs.org/@rollup%2frollup-win32-x64-msvc set size:undefined disposed:false
621 http fetch GET 200 https://registry.npmjs.org/@rollup%2frollup-freebsd-x64 90ms (cache miss)
622 silly packumentCache full:https://registry.npmjs.org/@rollup%2frollup-freebsd-x64 set size:undefined disposed:false
623 http fetch GET 200 https://registry.npmjs.org/@rollup%2frollup-linux-x64-gnu 96ms (cache miss)
624 silly packumentCache full:https://registry.npmjs.org/@rollup%2frollup-linux-x64-gnu set size:undefined disposed:false
625 http fetch GET 200 https://registry.npmjs.org/@rollup%2frollup-linux-x64-musl 99ms (cache miss)
626 silly packumentCache full:https://registry.npmjs.org/@rollup%2frollup-linux-x64-musl set size:undefined disposed:false
627 http fetch GET 200 https://registry.npmjs.org/@rollup%2frollup-openharmony-arm64 84ms (cache miss)
628 silly packumentCache full:https://registry.npmjs.org/@rollup%2frollup-openharmony-arm64 set size:undefined disposed:false
629 silly placeDep ROOT @esbuild/aix-ppc64@0.21.5 OK for: esbuild@0.21.5 want: 0.21.5
630 silly placeDep ROOT @esbuild/android-arm@0.21.5 OK for: esbuild@0.21.5 want: 0.21.5
631 silly placeDep ROOT @esbuild/android-arm64@0.21.5 OK for: esbuild@0.21.5 want: 0.21.5
632 silly placeDep ROOT @esbuild/android-x64@0.21.5 OK for: esbuild@0.21.5 want: 0.21.5
633 silly placeDep ROOT @esbuild/darwin-arm64@0.21.5 OK for: esbuild@0.21.5 want: 0.21.5
634 silly placeDep ROOT @esbuild/darwin-x64@0.21.5 OK for: esbuild@0.21.5 want: 0.21.5
635 silly placeDep ROOT @esbuild/freebsd-arm64@0.21.5 OK for: esbuild@0.21.5 want: 0.21.5
636 silly placeDep ROOT @esbuild/freebsd-x64@0.21.5 OK for: esbuild@0.21.5 want: 0.21.5
637 silly placeDep ROOT @esbuild/linux-arm@0.21.5 OK for: esbuild@0.21.5 want: 0.21.5
638 silly placeDep ROOT @esbuild/linux-arm64@0.21.5 OK for: esbuild@0.21.5 want: 0.21.5
639 silly placeDep ROOT @esbuild/linux-ia32@0.21.5 OK for: esbuild@0.21.5 want: 0.21.5
640 silly placeDep ROOT @esbuild/linux-loong64@0.21.5 OK for: esbuild@0.21.5 want: 0.21.5
641 silly placeDep ROOT @esbuild/linux-mips64el@0.21.5 OK for: esbuild@0.21.5 want: 0.21.5
642 silly placeDep ROOT @esbuild/linux-ppc64@0.21.5 OK for: esbuild@0.21.5 want: 0.21.5
643 silly placeDep ROOT @esbuild/linux-riscv64@0.21.5 OK for: esbuild@0.21.5 want: 0.21.5
644 silly placeDep ROOT @esbuild/linux-s390x@0.21.5 OK for: esbuild@0.21.5 want: 0.21.5
645 silly placeDep ROOT @esbuild/linux-x64@0.21.5 OK for: esbuild@0.21.5 want: 0.21.5
646 silly placeDep ROOT @esbuild/netbsd-x64@0.21.5 OK for: esbuild@0.21.5 want: 0.21.5
647 silly placeDep ROOT @esbuild/openbsd-x64@0.21.5 OK for: esbuild@0.21.5 want: 0.21.5
648 silly placeDep ROOT @esbuild/sunos-x64@0.21.5 OK for: esbuild@0.21.5 want: 0.21.5
649 silly placeDep ROOT @esbuild/win32-arm64@0.21.5 OK for: esbuild@0.21.5 want: 0.21.5
650 silly placeDep ROOT @esbuild/win32-ia32@0.21.5 OK for: esbuild@0.21.5 want: 0.21.5
651 silly placeDep ROOT @esbuild/win32-x64@0.21.5 OK for: esbuild@0.21.5 want: 0.21.5
652 silly placeDep ROOT nanoid@3.3.11 OK for: postcss@8.5.6 want: ^3.3.11
653 silly placeDep ROOT source-map-js@1.2.1 OK for: postcss@8.5.6 want: ^1.2.1
654 silly placeDep ROOT @rollup/rollup-android-arm-eabi@4.53.3 OK for: rollup@4.53.3 want: 4.53.3
655 silly placeDep ROOT @rollup/rollup-android-arm64@4.53.3 OK for: rollup@4.53.3 want: 4.53.3
656 silly placeDep ROOT @rollup/rollup-darwin-arm64@4.53.3 OK for: rollup@4.53.3 want: 4.53.3
657 silly placeDep ROOT @rollup/rollup-darwin-x64@4.53.3 OK for: rollup@4.53.3 want: 4.53.3
658 silly placeDep ROOT @rollup/rollup-freebsd-arm64@4.53.3 OK for: rollup@4.53.3 want: 4.53.3
659 silly placeDep ROOT @rollup/rollup-freebsd-x64@4.53.3 OK for: rollup@4.53.3 want: 4.53.3
660 silly placeDep ROOT @rollup/rollup-linux-arm-gnueabihf@4.53.3 OK for: rollup@4.53.3 want: 4.53.3
661 silly placeDep ROOT @rollup/rollup-linux-arm-musleabihf@4.53.3 OK for: rollup@4.53.3 want: 4.53.3
662 silly placeDep ROOT @rollup/rollup-linux-arm64-gnu@4.53.3 OK for: rollup@4.53.3 want: 4.53.3
663 silly placeDep ROOT @rollup/rollup-linux-arm64-musl@4.53.3 OK for: rollup@4.53.3 want: 4.53.3
664 silly placeDep ROOT @rollup/rollup-linux-loong64-gnu@4.53.3 OK for: rollup@4.53.3 want: 4.53.3
665 silly placeDep ROOT @rollup/rollup-linux-ppc64-gnu@4.53.3 OK for: rollup@4.53.3 want: 4.53.3
666 silly placeDep ROOT @rollup/rollup-linux-riscv64-gnu@4.53.3 OK for: rollup@4.53.3 want: 4.53.3
667 silly placeDep ROOT @rollup/rollup-linux-riscv64-musl@4.53.3 OK for: rollup@4.53.3 want: 4.53.3
668 silly placeDep ROOT @rollup/rollup-linux-s390x-gnu@4.53.3 OK for: rollup@4.53.3 want: 4.53.3
669 silly placeDep ROOT @rollup/rollup-linux-x64-gnu@4.53.3 OK for: rollup@4.53.3 want: 4.53.3
670 silly placeDep ROOT @rollup/rollup-linux-x64-musl@4.53.3 OK for: rollup@4.53.3 want: 4.53.3
671 silly placeDep ROOT @rollup/rollup-openharmony-arm64@4.53.3 OK for: rollup@4.53.3 want: 4.53.3
672 silly placeDep ROOT @rollup/rollup-win32-arm64-msvc@4.53.3 OK for: rollup@4.53.3 want: 4.53.3
673 silly placeDep ROOT @rollup/rollup-win32-ia32-msvc@4.53.3 OK for: rollup@4.53.3 want: 4.53.3
674 silly placeDep ROOT @rollup/rollup-win32-x64-gnu@4.53.3 OK for: rollup@4.53.3 want: 4.53.3
675 silly placeDep ROOT @rollup/rollup-win32-x64-msvc@4.53.3 OK for: rollup@4.53.3 want: 4.53.3
676 silly placeDep ROOT @types/estree@1.0.8 OK for: rollup@4.53.3 want: 1.0.8
677 silly reify moves {}
678 silly audit bulk request {
678 silly audit   '@types/react': [ '18.3.27' ],
678 silly audit   '@types/react-dom': [ '18.3.7' ],
678 silly audit   '@vitejs/plugin-react': [ '4.7.0' ],
678 silly audit   vite: [ '5.4.21' ],
678 silly audit   react: [ '18.3.1' ],
678 silly audit   'react-dom': [ '18.3.1' ],
678 silly audit   'react-router-dom': [ '6.30.2' ],
678 silly audit   typescript: [ '5.9.3' ],
678 silly audit   '@types/prop-types': [ '15.7.15' ],
678 silly audit   csstype: [ '3.2.3' ],
678 silly audit   '@babel/core': [ '7.28.5' ],
678 silly audit   '@babel/plugin-transform-react-jsx-self': [ '7.27.1' ],
678 silly audit   '@babel/plugin-transform-react-jsx-source': [ '7.27.1' ],
678 silly audit   '@rolldown/pluginutils': [ '1.0.0-beta.27' ],
678 silly audit   '@types/babel__core': [ '7.20.5' ],
678 silly audit   'react-refresh': [ '0.17.0' ],
678 silly audit   '@babel/code-frame': [ '7.27.1' ],
678 silly audit   '@babel/generator': [ '7.28.5' ],
678 silly audit   '@babel/helper-compilation-targets': [ '7.27.2' ],
678 silly audit   '@babel/helper-module-transforms': [ '7.28.3' ],
678 silly audit   '@babel/helpers': [ '7.28.4' ],
678 silly audit   '@babel/parser': [ '7.28.5' ],
678 silly audit   '@babel/template': [ '7.27.2' ],
678 silly audit   '@babel/traverse': [ '7.28.5' ],
678 silly audit   '@babel/types': [ '7.28.5' ],
678 silly audit   '@jridgewell/remapping': [ '2.3.5' ],
678 silly audit   'convert-source-map': [ '2.0.0' ],
678 silly audit   debug: [ '4.4.3' ],
678 silly audit   gensync: [ '1.0.0-beta.2' ],
678 silly audit   json5: [ '2.2.3' ],
678 silly audit   semver: [ '6.3.1' ],
678 silly audit   '@babel/helper-validator-identifier': [ '7.28.5' ],
678 silly audit   'js-tokens': [ '4.0.0' ],
678 silly audit   picocolors: [ '1.1.1' ],
678 silly audit   '@jridgewell/gen-mapping': [ '0.3.13' ],
678 silly audit   '@jridgewell/trace-mapping': [ '0.3.31' ],
678 silly audit   jsesc: [ '3.1.0' ],
678 silly audit   '@babel/compat-data': [ '7.28.5' ],
678 silly audit   '@babel/helper-validator-option': [ '7.27.1' ],
678 silly audit   browserslist: [ '4.28.0' ],
678 silly audit   'lru-cache': [ '5.1.1' ],
678 silly audit   '@babel/helper-module-imports': [ '7.27.1' ],
678 silly audit   '@babel/helper-plugin-utils': [ '7.27.1' ],
678 silly audit   '@babel/helper-globals': [ '7.28.0' ],
678 silly audit   '@babel/helper-string-parser': [ '7.27.1' ],
678 silly audit   '@jridgewell/sourcemap-codec': [ '1.5.5' ],
678 silly audit   '@jridgewell/resolve-uri': [ '3.1.2' ],
678 silly audit   '@types/babel__generator': [ '7.27.0' ],
678 silly audit   '@types/babel__template': [ '7.4.4' ],
678 silly audit   '@types/babel__traverse': [ '7.28.0' ],
678 silly audit   'baseline-browser-mapping': [ '2.8.31' ],
678 silly audit   'caniuse-lite': [ '1.0.30001757' ],
678 silly audit   'electron-to-chromium': [ '1.5.260' ],
678 silly audit   'node-releases': [ '2.0.27' ],
678 silly audit   'update-browserslist-db': [ '1.1.4' ],
678 silly audit   ms: [ '2.1.3' ],
678 silly audit   yallist: [ '3.1.1' ],
678 silly audit   'loose-envify': [ '1.4.0' ],
678 silly audit   scheduler: [ '0.23.2' ],
678 silly audit   '@remix-run/router': [ '1.23.1' ],
678 silly audit   'react-router': [ '6.30.2' ],
678 silly audit   escalade: [ '3.2.0' ],
678 silly audit   esbuild: [ '0.21.5' ],
678 silly audit   fsevents: [ '2.3.3' ],
678 silly audit   postcss: [ '8.5.6' ],
678 silly audit   rollup: [ '4.53.3' ],
678 silly audit   '@esbuild/aix-ppc64': [ '0.21.5' ],
678 silly audit   '@esbuild/android-arm': [ '0.21.5' ],
678 silly audit   '@esbuild/android-arm64': [ '0.21.5' ],
678 silly audit   '@esbuild/android-x64': [ '0.21.5' ],
678 silly audit   '@esbuild/darwin-arm64': [ '0.21.5' ],
678 silly audit   '@esbuild/darwin-x64': [ '0.21.5' ],
678 silly audit   '@esbuild/freebsd-arm64': [ '0.21.5' ],
678 silly audit   '@esbuild/freebsd-x64': [ '0.21.5' ],
678 silly audit   '@esbuild/linux-arm': [ '0.21.5' ],
678 silly audit   '@esbuild/linux-arm64': [ '0.21.5' ],
678 silly audit   '@esbuild/linux-ia32': [ '0.21.5' ],
678 silly audit   '@esbuild/linux-loong64': [ '0.21.5' ],
678 silly audit   '@esbuild/linux-mips64el': [ '0.21.5' ],
678 silly audit   '@esbuild/linux-ppc64': [ '0.21.5' ],
678 silly audit   '@esbuild/linux-riscv64': [ '0.21.5' ],
678 silly audit   '@esbuild/linux-s390x': [ '0.21.5' ],
678 silly audit   '@esbuild/linux-x64': [ '0.21.5' ],
678 silly audit   '@esbuild/netbsd-x64': [ '0.21.5' ],
678 silly audit   '@esbuild/openbsd-x64': [ '0.21.5' ],
678 silly audit   '@esbuild/sunos-x64': [ '0.21.5' ],
678 silly audit   '@esbuild/win32-arm64': [ '0.21.5' ],
678 silly audit   '@esbuild/win32-ia32': [ '0.21.5' ],
678 silly audit   '@esbuild/win32-x64': [ '0.21.5' ],
678 silly audit   nanoid: [ '3.3.11' ],
678 silly audit   'source-map-js': [ '1.2.1' ],
678 silly audit   '@rollup/rollup-android-arm-eabi': [ '4.53.3' ],
678 silly audit   '@rollup/rollup-android-arm64': [ '4.53.3' ],
678 silly audit   '@rollup/rollup-darwin-arm64': [ '4.53.3' ],
678 silly audit   '@rollup/rollup-darwin-x64': [ '4.53.3' ],
678 silly audit   '@rollup/rollup-freebsd-arm64': [ '4.53.3' ],
678 silly audit   '@rollup/rollup-freebsd-x64': [ '4.53.3' ],
678 silly audit   '@rollup/rollup-linux-arm-gnueabihf': [ '4.53.3' ],
678 silly audit   '@rollup/rollup-linux-arm-musleabihf': [ '4.53.3' ],
678 silly audit   '@rollup/rollup-linux-arm64-gnu': [ '4.53.3' ],
678 silly audit   '@rollup/rollup-linux-arm64-musl': [ '4.53.3' ],
678 silly audit   '@rollup/rollup-linux-loong64-gnu': [ '4.53.3' ],
678 silly audit   '@rollup/rollup-linux-ppc64-gnu': [ '4.53.3' ],
678 silly audit   '@rollup/rollup-linux-riscv64-gnu': [ '4.53.3' ],
678 silly audit   '@rollup/rollup-linux-riscv64-musl': [ '4.53.3' ],
678 silly audit   '@rollup/rollup-linux-s390x-gnu': [ '4.53.3' ],
678 silly audit   '@rollup/rollup-linux-x64-gnu': [ '4.53.3' ],
678 silly audit   '@rollup/rollup-linux-x64-musl': [ '4.53.3' ],
678 silly audit   '@rollup/rollup-openharmony-arm64': [ '4.53.3' ],
678 silly audit   '@rollup/rollup-win32-arm64-msvc': [ '4.53.3' ],
678 silly audit   '@rollup/rollup-win32-ia32-msvc': [ '4.53.3' ],
678 silly audit   '@rollup/rollup-win32-x64-gnu': [ '4.53.3' ],
678 silly audit   '@rollup/rollup-win32-x64-msvc': [ '4.53.3' ],
678 silly audit   '@types/estree': [ '1.0.8' ]
678 silly audit }
679 verbose reify failed optional dependency /Users/calaceantitus/Downloads/exemplu/TestRepo/Proiect-IS/musicapp_frontend/node_modules/@rollup/rollup-win32-x64-msvc
680 silly reify mark deleted [
680 silly reify   '/Users/calaceantitus/Downloads/exemplu/TestRepo/Proiect-IS/musicapp_frontend/node_modules/@rollup/rollup-win32-x64-msvc'
680 silly reify ]
681 verbose reify failed optional dependency /Users/calaceantitus/Downloads/exemplu/TestRepo/Proiect-IS/musicapp_frontend/node_modules/@rollup/rollup-win32-x64-gnu
682 silly reify mark deleted [
682 silly reify   '/Users/calaceantitus/Downloads/exemplu/TestRepo/Proiect-IS/musicapp_frontend/node_modules/@rollup/rollup-win32-x64-gnu'
682 silly reify ]
683 verbose reify failed optional dependency /Users/calaceantitus/Downloads/exemplu/TestRepo/Proiect-IS/musicapp_frontend/node_modules/@rollup/rollup-win32-ia32-msvc
684 silly reify mark deleted [
684 silly reify   '/Users/calaceantitus/Downloads/exemplu/TestRepo/Proiect-IS/musicapp_frontend/node_modules/@rollup/rollup-win32-ia32-msvc'
684 silly reify ]
685 verbose reify failed optional dependency /Users/calaceantitus/Downloads/exemplu/TestRepo/Proiect-IS/musicapp_frontend/node_modules/@rollup/rollup-win32-arm64-msvc
686 silly reify mark deleted [
686 silly reify   '/Users/calaceantitus/Downloads/exemplu/TestRepo/Proiect-IS/musicapp_frontend/node_modules/@rollup/rollup-win32-arm64-msvc'
686 silly reify ]
687 verbose reify failed optional dependency /Users/calaceantitus/Downloads/exemplu/TestRepo/Proiect-IS/musicapp_frontend/node_modules/@rollup/rollup-openharmony-arm64
688 silly reify mark deleted [
688 silly reify   '/Users/calaceantitus/Downloads/exemplu/TestRepo/Proiect-IS/musicapp_frontend/node_modules/@rollup/rollup-openharmony-arm64'
688 silly reify ]
689 verbose reify failed optional dependency /Users/calaceantitus/Downloads/exemplu/TestRepo/Proiect-IS/musicapp_frontend/node_modules/@rollup/rollup-linux-x64-musl
690 silly reify mark deleted [
690 silly reify   '/Users/calaceantitus/Downloads/exemplu/TestRepo/Proiect-IS/musicapp_frontend/node_modules/@rollup/rollup-linux-x64-musl'
690 silly reify ]
691 verbose reify failed optional dependency /Users/calaceantitus/Downloads/exemplu/TestRepo/Proiect-IS/musicapp_frontend/node_modules/@rollup/rollup-linux-x64-gnu
692 silly reify mark deleted [
692 silly reify   '/Users/calaceantitus/Downloads/exemplu/TestRepo/Proiect-IS/musicapp_frontend/node_modules/@rollup/rollup-linux-x64-gnu'
692 silly reify ]
693 verbose reify failed optional dependency /Users/calaceantitus/Downloads/exemplu/TestRepo/Proiect-IS/musicapp_frontend/node_modules/@rollup/rollup-linux-s390x-gnu
694 silly reify mark deleted [
694 silly reify   '/Users/calaceantitus/Downloads/exemplu/TestRepo/Proiect-IS/musicapp_frontend/node_modules/@rollup/rollup-linux-s390x-gnu'
694 silly reify ]
695 verbose reify failed optional dependency /Users/calaceantitus/Downloads/exemplu/TestRepo/Proiect-IS/musicapp_frontend/node_modules/@rollup/rollup-linux-riscv64-musl
696 silly reify mark deleted [
696 silly reify   '/Users/calaceantitus/Downloads/exemplu/TestRepo/Proiect-IS/musicapp_frontend/node_modules/@rollup/rollup-linux-riscv64-musl'
696 silly reify ]
697 verbose reify failed optional dependency /Users/calaceantitus/Downloads/exemplu/TestRepo/Proiect-IS/musicapp_frontend/node_modules/@rollup/rollup-linux-riscv64-gnu
698 silly reify mark deleted [
698 silly reify   '/Users/calaceantitus/Downloads/exemplu/TestRepo/Proiect-IS/musicapp_frontend/node_modules/@rollup/rollup-linux-riscv64-gnu'
698 silly reify ]
699 verbose reify failed optional dependency /Users/calaceantitus/Downloads/exemplu/TestRepo/Proiect-IS/musicapp_frontend/node_modules/@rollup/rollup-linux-ppc64-gnu
700 silly reify mark deleted [
700 silly reify   '/Users/calaceantitus/Downloads/exemplu/TestRepo/Proiect-IS/musicapp_frontend/node_modules/@rollup/rollup-linux-ppc64-gnu'
700 silly reify ]
701 verbose reify failed optional dependency /Users/calaceantitus/Downloads/exemplu/TestRepo/Proiect-IS/musicapp_frontend/node_modules/@rollup/rollup-linux-loong64-gnu
702 silly reify mark deleted [
702 silly reify   '/Users/calaceantitus/Downloads/exemplu/TestRepo/Proiect-IS/musicapp_frontend/node_modules/@rollup/rollup-linux-loong64-gnu'
702 silly reify ]
703 verbose reify failed optional dependency /Users/calaceantitus/Downloads/exemplu/TestRepo/Proiect-IS/musicapp_frontend/node_modules/@rollup/rollup-linux-arm64-musl
704 silly reify mark deleted [
704 silly reify   '/Users/calaceantitus/Downloads/exemplu/TestRepo/Proiect-IS/musicapp_frontend/node_modules/@rollup/rollup-linux-arm64-musl'
704 silly reify ]
705 verbose reify failed optional dependency /Users/calaceantitus/Downloads/exemplu/TestRepo/Proiect-IS/musicapp_frontend/node_modules/@rollup/rollup-linux-arm64-gnu
706 silly reify mark deleted [
706 silly reify   '/Users/calaceantitus/Downloads/exemplu/TestRepo/Proiect-IS/musicapp_frontend/node_modules/@rollup/rollup-linux-arm64-gnu'
706 silly reify ]
707 verbose reify failed optional dependency /Users/calaceantitus/Downloads/exemplu/TestRepo/Proiect-IS/musicapp_frontend/node_modules/@rollup/rollup-linux-arm-musleabihf
708 silly reify mark deleted [
708 silly reify   '/Users/calaceantitus/Downloads/exemplu/TestRepo/Proiect-IS/musicapp_frontend/node_modules/@rollup/rollup-linux-arm-musleabihf'
708 silly reify ]
709 verbose reify failed optional dependency /Users/calaceantitus/Downloads/exemplu/TestRepo/Proiect-IS/musicapp_frontend/node_modules/@rollup/rollup-linux-arm-gnueabihf
710 silly reify mark deleted [
710 silly reify   '/Users/calaceantitus/Downloads/exemplu/TestRepo/Proiect-IS/musicapp_frontend/node_modules/@rollup/rollup-linux-arm-gnueabihf'
710 silly reify ]
711 verbose reify failed optional dependency /Users/calaceantitus/Downloads/exemplu/TestRepo/Proiect-IS/musicapp_frontend/node_modules/@rollup/rollup-freebsd-x64
712 silly reify mark deleted [
712 silly reify   '/Users/calaceantitus/Downloads/exemplu/TestRepo/Proiect-IS/musicapp_frontend/node_modules/@rollup/rollup-freebsd-x64'
712 silly reify ]
713 verbose reify failed optional dependency /Users/calaceantitus/Downloads/exemplu/TestRepo/Proiect-IS/musicapp_frontend/node_modules/@rollup/rollup-freebsd-arm64
714 silly reify mark deleted [
714 silly reify   '/Users/calaceantitus/Downloads/exemplu/TestRepo/Proiect-IS/musicapp_frontend/node_modules/@rollup/rollup-freebsd-arm64'
714 silly reify ]
715 verbose reify failed optional dependency /Users/calaceantitus/Downloads/exemplu/TestRepo/Proiect-IS/musicapp_frontend/node_modules/@rollup/rollup-darwin-x64
716 silly reify mark deleted [
716 silly reify   '/Users/calaceantitus/Downloads/exemplu/TestRepo/Proiect-IS/musicapp_frontend/node_modules/@rollup/rollup-darwin-x64'
716 silly reify ]
717 verbose reify failed optional dependency /Users/calaceantitus/Downloads/exemplu/TestRepo/Proiect-IS/musicapp_frontend/node_modules/@rollup/rollup-android-arm64
718 silly reify mark deleted [
718 silly reify   '/Users/calaceantitus/Downloads/exemplu/TestRepo/Proiect-IS/musicapp_frontend/node_modules/@rollup/rollup-android-arm64'
718 silly reify ]
719 verbose reify failed optional dependency /Users/calaceantitus/Downloads/exemplu/TestRepo/Proiect-IS/musicapp_frontend/node_modules/@rollup/rollup-android-arm-eabi
720 silly reify mark deleted [
720 silly reify   '/Users/calaceantitus/Downloads/exemplu/TestRepo/Proiect-IS/musicapp_frontend/node_modules/@rollup/rollup-android-arm-eabi'
720 silly reify ]
721 verbose reify failed optional dependency /Users/calaceantitus/Downloads/exemplu/TestRepo/Proiect-IS/musicapp_frontend/node_modules/@esbuild/win32-x64
722 silly reify mark deleted [
722 silly reify   '/Users/calaceantitus/Downloads/exemplu/TestRepo/Proiect-IS/musicapp_frontend/node_modules/@esbuild/win32-x64'
722 silly reify ]
723 verbose reify failed optional dependency /Users/calaceantitus/Downloads/exemplu/TestRepo/Proiect-IS/musicapp_frontend/node_modules/@esbuild/win32-ia32
724 silly reify mark deleted [
724 silly reify   '/Users/calaceantitus/Downloads/exemplu/TestRepo/Proiect-IS/musicapp_frontend/node_modules/@esbuild/win32-ia32'
724 silly reify ]
725 verbose reify failed optional dependency /Users/calaceantitus/Downloads/exemplu/TestRepo/Proiect-IS/musicapp_frontend/node_modules/@esbuild/win32-arm64
726 silly reify mark deleted [
726 silly reify   '/Users/calaceantitus/Downloads/exemplu/TestRepo/Proiect-IS/musicapp_frontend/node_modules/@esbuild/win32-arm64'
726 silly reify ]
727 verbose reify failed optional dependency /Users/calaceantitus/Downloads/exemplu/TestRepo/Proiect-IS/musicapp_frontend/node_modules/@esbuild/sunos-x64
728 silly reify mark deleted [
728 silly reify   '/Users/calaceantitus/Downloads/exemplu/TestRepo/Proiect-IS/musicapp_frontend/node_modules/@esbuild/sunos-x64'
728 silly reify ]
729 verbose reify failed optional dependency /Users/calaceantitus/Downloads/exemplu/TestRepo/Proiect-IS/musicapp_frontend/node_modules/@esbuild/openbsd-x64
730 silly reify mark deleted [
730 silly reify   '/Users/calaceantitus/Downloads/exemplu/TestRepo/Proiect-IS/musicapp_frontend/node_modules/@esbuild/openbsd-x64'
730 silly reify ]
731 verbose reify failed optional dependency /Users/calaceantitus/Downloads/exemplu/TestRepo/Proiect-IS/musicapp_frontend/node_modules/@esbuild/netbsd-x64
732 silly reify mark deleted [
732 silly reify   '/Users/calaceantitus/Downloads/exemplu/TestRepo/Proiect-IS/musicapp_frontend/node_modules/@esbuild/netbsd-x64'
732 silly reify ]
733 verbose reify failed optional dependency /Users/calaceantitus/Downloads/exemplu/TestRepo/Proiect-IS/musicapp_frontend/node_modules/@esbuild/linux-x64
734 silly reify mark deleted [
734 silly reify   '/Users/calaceantitus/Downloads/exemplu/TestRepo/Proiect-IS/musicapp_frontend/node_modules/@esbuild/linux-x64'
734 silly reify ]
735 verbose reify failed optional dependency /Users/calaceantitus/Downloads/exemplu/TestRepo/Proiect-IS/musicapp_frontend/node_modules/@esbuild/linux-s390x
736 silly reify mark deleted [
736 silly reify   '/Users/calaceantitus/Downloads/exemplu/TestRepo/Proiect-IS/musicapp_frontend/node_modules/@esbuild/linux-s390x'
736 silly reify ]
737 verbose reify failed optional dependency /Users/calaceantitus/Downloads/exemplu/TestRepo/Proiect-IS/musicapp_frontend/node_modules/@esbuild/linux-riscv64
738 silly reify mark deleted [
738 silly reify   '/Users/calaceantitus/Downloads/exemplu/TestRepo/Proiect-IS/musicapp_frontend/node_modules/@esbuild/linux-riscv64'
738 silly reify ]
739 verbose reify failed optional dependency /Users/calaceantitus/Downloads/exemplu/TestRepo/Proiect-IS/musicapp_frontend/node_modules/@esbuild/linux-ppc64
740 silly reify mark deleted [
740 silly reify   '/Users/calaceantitus/Downloads/exemplu/TestRepo/Proiect-IS/musicapp_frontend/node_modules/@esbuild/linux-ppc64'
740 silly reify ]
741 verbose reify failed optional dependency /Users/calaceantitus/Downloads/exemplu/TestRepo/Proiect-IS/musicapp_frontend/node_modules/@esbuild/linux-mips64el
742 silly reify mark deleted [
742 silly reify   '/Users/calaceantitus/Downloads/exemplu/TestRepo/Proiect-IS/musicapp_frontend/node_modules/@esbuild/linux-mips64el'
742 silly reify ]
743 verbose reify failed optional dependency /Users/calaceantitus/Downloads/exemplu/TestRepo/Proiect-IS/musicapp_frontend/node_modules/@esbuild/linux-loong64
744 silly reify mark deleted [
744 silly reify   '/Users/calaceantitus/Downloads/exemplu/TestRepo/Proiect-IS/musicapp_frontend/node_modules/@esbuild/linux-loong64'
744 silly reify ]
745 verbose reify failed optional dependency /Users/calaceantitus/Downloads/exemplu/TestRepo/Proiect-IS/musicapp_frontend/node_modules/@esbuild/linux-ia32
746 silly reify mark deleted [
746 silly reify   '/Users/calaceantitus/Downloads/exemplu/TestRepo/Proiect-IS/musicapp_frontend/node_modules/@esbuild/linux-ia32'
746 silly reify ]
747 verbose reify failed optional dependency /Users/calaceantitus/Downloads/exemplu/TestRepo/Proiect-IS/musicapp_frontend/node_modules/@esbuild/linux-arm64
748 silly reify mark deleted [
748 silly reify   '/Users/calaceantitus/Downloads/exemplu/TestRepo/Proiect-IS/musicapp_frontend/node_modules/@esbuild/linux-arm64'
748 silly reify ]
749 verbose reify failed optional dependency /Users/calaceantitus/Downloads/exemplu/TestRepo/Proiect-IS/musicapp_frontend/node_modules/@esbuild/linux-arm
750 silly reify mark deleted [
750 silly reify   '/Users/calaceantitus/Downloads/exemplu/TestRepo/Proiect-IS/musicapp_frontend/node_modules/@esbuild/linux-arm'
750 silly reify ]
751 verbose reify failed optional dependency /Users/calaceantitus/Downloads/exemplu/TestRepo/Proiect-IS/musicapp_frontend/node_modules/@esbuild/freebsd-x64
752 silly reify mark deleted [
752 silly reify   '/Users/calaceantitus/Downloads/exemplu/TestRepo/Proiect-IS/musicapp_frontend/node_modules/@esbuild/freebsd-x64'
752 silly reify ]
753 verbose reify failed optional dependency /Users/calaceantitus/Downloads/exemplu/TestRepo/Proiect-IS/musicapp_frontend/node_modules/@esbuild/freebsd-arm64
754 silly reify mark deleted [
754 silly reify   '/Users/calaceantitus/Downloads/exemplu/TestRepo/Proiect-IS/musicapp_frontend/node_modules/@esbuild/freebsd-arm64'
754 silly reify ]
755 verbose reify failed optional dependency /Users/calaceantitus/Downloads/exemplu/TestRepo/Proiect-IS/musicapp_frontend/node_modules/@esbuild/darwin-x64
756 silly reify mark deleted [
756 silly reify   '/Users/calaceantitus/Downloads/exemplu/TestRepo/Proiect-IS/musicapp_frontend/node_modules/@esbuild/darwin-x64'
756 silly reify ]
757 verbose reify failed optional dependency /Users/calaceantitus/Downloads/exemplu/TestRepo/Proiect-IS/musicapp_frontend/node_modules/@esbuild/android-x64
758 silly reify mark deleted [
758 silly reify   '/Users/calaceantitus/Downloads/exemplu/TestRepo/Proiect-IS/musicapp_frontend/node_modules/@esbuild/android-x64'
758 silly reify ]
759 verbose reify failed optional dependency /Users/calaceantitus/Downloads/exemplu/TestRepo/Proiect-IS/musicapp_frontend/node_modules/@esbuild/android-arm64
760 silly reify mark deleted [
760 silly reify   '/Users/calaceantitus/Downloads/exemplu/TestRepo/Proiect-IS/musicapp_frontend/node_modules/@esbuild/android-arm64'
760 silly reify ]
761 verbose reify failed optional dependency /Users/calaceantitus/Downloads/exemplu/TestRepo/Proiect-IS/musicapp_frontend/node_modules/@esbuild/android-arm
762 silly reify mark deleted [
762 silly reify   '/Users/calaceantitus/Downloads/exemplu/TestRepo/Proiect-IS/musicapp_frontend/node_modules/@esbuild/android-arm'
762 silly reify ]
763 verbose reify failed optional dependency /Users/calaceantitus/Downloads/exemplu/TestRepo/Proiect-IS/musicapp_frontend/node_modules/@esbuild/aix-ppc64
764 silly reify mark deleted [
764 silly reify   '/Users/calaceantitus/Downloads/exemplu/TestRepo/Proiect-IS/musicapp_frontend/node_modules/@esbuild/aix-ppc64'
764 silly reify ]
765 http cache @rollup/rollup-darwin-arm64@https://registry.npmjs.org/@rollup/rollup-darwin-arm64/-/rollup-darwin-arm64-4.53.3.tgz 0ms (cache hit)
766 http cache source-map-js@https://registry.npmjs.org/source-map-js/-/source-map-js-1.2.1.tgz 0ms (cache hit)
767 http cache nanoid@https://registry.npmjs.org/nanoid/-/nanoid-3.3.11.tgz 0ms (cache hit)
768 http cache @types/estree@https://registry.npmjs.org/@types/estree/-/estree-1.0.8.tgz 0ms (cache hit)
769 http cache @esbuild/darwin-arm64@https://registry.npmjs.org/@esbuild/darwin-arm64/-/darwin-arm64-0.21.5.tgz 0ms (cache hit)
770 http cache rollup@https://registry.npmjs.org/rollup/-/rollup-4.53.3.tgz 0ms (cache hit)
771 http cache postcss@https://registry.npmjs.org/postcss/-/postcss-8.5.6.tgz 0ms (cache hit)
772 http cache fsevents@https://registry.npmjs.org/fsevents/-/fsevents-2.3.3.tgz 0ms (cache hit)
773 http cache escalade@https://registry.npmjs.org/escalade/-/escalade-3.2.0.tgz 0ms (cache hit)
774 http cache esbuild@https://registry.npmjs.org/esbuild/-/esbuild-0.21.5.tgz 0ms (cache hit)
775 http cache react-router@https://registry.npmjs.org/react-router/-/react-router-6.30.2.tgz 0ms (cache hit)
776 http cache scheduler@https://registry.npmjs.org/scheduler/-/scheduler-0.23.2.tgz 0ms (cache hit)
777 http cache @remix-run/router@https://registry.npmjs.org/@remix-run/router/-/router-1.23.1.tgz 0ms (cache hit)
778 http cache yallist@https://registry.npmjs.org/yallist/-/yallist-3.1.1.tgz 0ms (cache hit)
779 http cache loose-envify@https://registry.npmjs.org/loose-envify/-/loose-envify-1.4.0.tgz 0ms (cache hit)
780 http cache ms@https://registry.npmjs.org/ms/-/ms-2.1.3.tgz 0ms (cache hit)
781 http cache electron-to-chromium@https://registry.npmjs.org/electron-to-chromium/-/electron-to-chromium-1.5.260.tgz 0ms (cache hit)
782 http cache node-releases@https://registry.npmjs.org/node-releases/-/node-releases-2.0.27.tgz 0ms (cache hit)
783 http cache caniuse-lite@https://registry.npmjs.org/caniuse-lite/-/caniuse-lite-1.0.30001757.tgz 0ms (cache hit)
784 http cache baseline-browser-mapping@https://registry.npmjs.org/baseline-browser-mapping/-/baseline-browser-mapping-2.8.31.tgz 0ms (cache hit)
785 http cache @types/babel__template@https://registry.npmjs.org/@types/babel__template/-/babel__template-7.4.4.tgz 0ms (cache hit)
786 http cache @types/babel__generator@https://registry.npmjs.org/@types/babel__generator/-/babel__generator-7.27.0.tgz 0ms (cache hit)
787 http cache @types/babel__traverse@https://registry.npmjs.org/@types/babel__traverse/-/babel__traverse-7.28.0.tgz 0ms (cache hit)
788 http cache @jridgewell/resolve-uri@https://registry.npmjs.org/@jridgewell/resolve-uri/-/resolve-uri-3.1.2.tgz 0ms (cache hit)
789 http cache @jridgewell/sourcemap-codec@https://registry.npmjs.org/@jridgewell/sourcemap-codec/-/sourcemap-codec-1.5.5.tgz 0ms (cache hit)
790 http cache @babel/helper-globals@https://registry.npmjs.org/@babel/helper-globals/-/helper-globals-7.28.0.tgz 0ms (cache hit)
791 http cache @babel/helper-string-parser@https://registry.npmjs.org/@babel/helper-string-parser/-/helper-string-parser-7.27.1.tgz 0ms (cache hit)
792 http cache @babel/helper-plugin-utils@https://registry.npmjs.org/@babel/helper-plugin-utils/-/helper-plugin-utils-7.27.1.tgz 0ms (cache hit)
793 http cache @babel/helper-module-imports@https://registry.npmjs.org/@babel/helper-module-imports/-/helper-module-imports-7.27.1.tgz 0ms (cache hit)
794 http cache browserslist@https://registry.npmjs.org/browserslist/-/browserslist-4.28.0.tgz 0ms (cache hit)
795 http cache @babel/helper-validator-option@https://registry.npmjs.org/@babel/helper-validator-option/-/helper-validator-option-7.27.1.tgz 0ms (cache hit)
796 http cache @babel/compat-data@https://registry.npmjs.org/@babel/compat-data/-/compat-data-7.28.5.tgz 0ms (cache hit)
797 http cache jsesc@https://registry.npmjs.org/jsesc/-/jsesc-3.1.0.tgz 0ms (cache hit)
798 http cache lru-cache@https://registry.npmjs.org/lru-cache/-/lru-cache-5.1.1.tgz 0ms (cache hit)
799 http cache @jridgewell/trace-mapping@https://registry.npmjs.org/@jridgewell/trace-mapping/-/trace-mapping-0.3.31.tgz 0ms (cache hit)
800 http cache @jridgewell/gen-mapping@https://registry.npmjs.org/@jridgewell/gen-mapping/-/gen-mapping-0.3.13.tgz 0ms (cache hit)
801 http cache picocolors@https://registry.npmjs.org/picocolors/-/picocolors-1.1.1.tgz 0ms (cache hit)
802 http cache js-tokens@https://registry.npmjs.org/js-tokens/-/js-tokens-4.0.0.tgz 0ms (cache hit)
803 http cache @babel/helper-validator-identifier@https://registry.npmjs.org/@babel/helper-validator-identifier/-/helper-validator-identifier-7.28.5.tgz 0ms (cache hit)
804 http cache semver@https://registry.npmjs.org/semver/-/semver-6.3.1.tgz 0ms (cache hit)
805 http cache json5@https://registry.npmjs.org/json5/-/json5-2.2.3.tgz 0ms (cache hit)
806 http cache gensync@https://registry.npmjs.org/gensync/-/gensync-1.0.0-beta.2.tgz 0ms (cache hit)
807 http cache debug@https://registry.npmjs.org/debug/-/debug-4.4.3.tgz 0ms (cache hit)
808 http cache convert-source-map@https://registry.npmjs.org/convert-source-map/-/convert-source-map-2.0.0.tgz 0ms (cache hit)
809 http cache @jridgewell/remapping@https://registry.npmjs.org/@jridgewell/remapping/-/remapping-2.3.5.tgz 0ms (cache hit)
810 http cache @babel/types@https://registry.npmjs.org/@babel/types/-/types-7.28.5.tgz 0ms (cache hit)
811 http cache @babel/traverse@https://registry.npmjs.org/@babel/traverse/-/traverse-7.28.5.tgz 0ms (cache hit)
812 http cache @babel/template@https://registry.npmjs.org/@babel/template/-/template-7.27.2.tgz 0ms (cache hit)
813 http cache update-browserslist-db@https://registry.npmjs.org/update-browserslist-db/-/update-browserslist-db-1.1.4.tgz 0ms (cache hit)
814 http cache @babel/parser@https://registry.npmjs.org/@babel/parser/-/parser-7.28.5.tgz 0ms (cache hit)
815 http cache @babel/helpers@https://registry.npmjs.org/@babel/helpers/-/helpers-7.28.4.tgz 0ms (cache hit)
816 http cache @babel/helper-module-transforms@https://registry.npmjs.org/@babel/helper-module-transforms/-/helper-module-transforms-7.28.3.tgz 0ms (cache hit)
817 http cache @babel/code-frame@https://registry.npmjs.org/@babel/code-frame/-/code-frame-7.27.1.tgz 0ms (cache hit)
818 http cache react-refresh@https://registry.npmjs.org/react-refresh/-/react-refresh-0.17.0.tgz 0ms (cache hit)
819 http cache @babel/generator@https://registry.npmjs.org/@babel/generator/-/generator-7.28.5.tgz 0ms (cache hit)
820 http cache @types/babel__core@https://registry.npmjs.org/@types/babel__core/-/babel__core-7.20.5.tgz 0ms (cache hit)
821 http cache @babel/plugin-transform-react-jsx-source@https://registry.npmjs.org/@babel/plugin-transform-react-jsx-source/-/plugin-transform-react-jsx-source-7.27.1.tgz 0ms (cache hit)
822 http cache @rolldown/pluginutils@https://registry.npmjs.org/@rolldown/pluginutils/-/pluginutils-1.0.0-beta.27.tgz 0ms (cache hit)
823 http cache @babel/core@https://registry.npmjs.org/@babel/core/-/core-7.28.5.tgz 0ms (cache hit)
824 http cache csstype@https://registry.npmjs.org/csstype/-/csstype-3.2.3.tgz 0ms (cache hit)
825 http cache @types/prop-types@https://registry.npmjs.org/@types/prop-types/-/prop-types-15.7.15.tgz 0ms (cache hit)
826 http cache @babel/plugin-transform-react-jsx-self@https://registry.npmjs.org/@babel/plugin-transform-react-jsx-self/-/plugin-transform-react-jsx-self-7.27.1.tgz 0ms (cache hit)
827 http cache typescript@https://registry.npmjs.org/typescript/-/typescript-5.9.3.tgz 0ms (cache hit)
828 http cache react-router-dom@https://registry.npmjs.org/react-router-dom/-/react-router-dom-6.30.2.tgz 0ms (cache hit)
829 http cache react-dom@https://registry.npmjs.org/react-dom/-/react-dom-18.3.1.tgz 0ms (cache hit)
830 http cache react@https://registry.npmjs.org/react/-/react-18.3.1.tgz 0ms (cache hit)
831 http cache @babel/helper-compilation-targets@https://registry.npmjs.org/@babel/helper-compilation-targets/-/helper-compilation-targets-7.27.2.tgz 0ms (cache hit)
832 http cache vite@https://registry.npmjs.org/vite/-/vite-5.4.21.tgz 0ms (cache hit)
833 http cache @vitejs/plugin-react@https://registry.npmjs.org/@vitejs/plugin-react/-/plugin-react-4.7.0.tgz 0ms (cache hit)
834 http cache @types/react-dom@https://registry.npmjs.org/@types/react-dom/-/react-dom-18.3.7.tgz 0ms (cache hit)
835 http cache @types/react@https://registry.npmjs.org/@types/react/-/react-18.3.27.tgz 0ms (cache hit)
836 silly tarball no local data for @rollup/rollup-darwin-arm64@https://registry.npmjs.org/@rollup/rollup-darwin-arm64/-/rollup-darwin-arm64-4.53.3.tgz. Extracting by manifest.
837 silly tarball no local data for source-map-js@https://registry.npmjs.org/source-map-js/-/source-map-js-1.2.1.tgz. Extracting by manifest.
838 silly tarball no local data for nanoid@https://registry.npmjs.org/nanoid/-/nanoid-3.3.11.tgz. Extracting by manifest.
839 silly tarball no local data for @types/estree@https://registry.npmjs.org/@types/estree/-/estree-1.0.8.tgz. Extracting by manifest.
840 silly tarball no local data for @esbuild/darwin-arm64@https://registry.npmjs.org/@esbuild/darwin-arm64/-/darwin-arm64-0.21.5.tgz. Extracting by manifest.
841 silly tarball no local data for rollup@https://registry.npmjs.org/rollup/-/rollup-4.53.3.tgz. Extracting by manifest.
842 silly tarball no local data for postcss@https://registry.npmjs.org/postcss/-/postcss-8.5.6.tgz. Extracting by manifest.
843 silly tarball no local data for fsevents@https://registry.npmjs.org/fsevents/-/fsevents-2.3.3.tgz. Extracting by manifest.
844 silly tarball no local data for escalade@https://registry.npmjs.org/escalade/-/escalade-3.2.0.tgz. Extracting by manifest.
845 silly tarball no local data for esbuild@https://registry.npmjs.org/esbuild/-/esbuild-0.21.5.tgz. Extracting by manifest.
846 silly tarball no local data for react-router@https://registry.npmjs.org/react-router/-/react-router-6.30.2.tgz. Extracting by manifest.
847 silly tarball no local data for scheduler@https://registry.npmjs.org/scheduler/-/scheduler-0.23.2.tgz. Extracting by manifest.
848 silly tarball no local data for @remix-run/router@https://registry.npmjs.org/@remix-run/router/-/router-1.23.1.tgz. Extracting by manifest.
849 silly tarball no local data for yallist@https://registry.npmjs.org/yallist/-/yallist-3.1.1.tgz. Extracting by manifest.
850 silly tarball no local data for loose-envify@https://registry.npmjs.org/loose-envify/-/loose-envify-1.4.0.tgz. Extracting by manifest.
851 silly tarball no local data for ms@https://registry.npmjs.org/ms/-/ms-2.1.3.tgz. Extracting by manifest.
852 silly tarball no local data for electron-to-chromium@https://registry.npmjs.org/electron-to-chromium/-/electron-to-chromium-1.5.260.tgz. Extracting by manifest.
853 silly tarball no local data for node-releases@https://registry.npmjs.org/node-releases/-/node-releases-2.0.27.tgz. Extracting by manifest.
854 silly tarball no local data for caniuse-lite@https://registry.npmjs.org/caniuse-lite/-/caniuse-lite-1.0.30001757.tgz. Extracting by manifest.
855 silly tarball no local data for baseline-browser-mapping@https://registry.npmjs.org/baseline-browser-mapping/-/baseline-browser-mapping-2.8.31.tgz. Extracting by manifest.
856 silly tarball no local data for @types/babel__template@https://registry.npmjs.org/@types/babel__template/-/babel__template-7.4.4.tgz. Extracting by manifest.
857 silly tarball no local data for @types/babel__generator@https://registry.npmjs.org/@types/babel__generator/-/babel__generator-7.27.0.tgz. Extracting by manifest.
858 silly tarball no local data for @types/babel__traverse@https://registry.npmjs.org/@types/babel__traverse/-/babel__traverse-7.28.0.tgz. Extracting by manifest.
859 silly tarball no local data for @jridgewell/resolve-uri@https://registry.npmjs.org/@jridgewell/resolve-uri/-/resolve-uri-3.1.2.tgz. Extracting by manifest.
860 silly tarball no local data for @jridgewell/sourcemap-codec@https://registry.npmjs.org/@jridgewell/sourcemap-codec/-/sourcemap-codec-1.5.5.tgz. Extracting by manifest.
861 silly tarball no local data for @babel/helper-globals@https://registry.npmjs.org/@babel/helper-globals/-/helper-globals-7.28.0.tgz. Extracting by manifest.
862 silly tarball no local data for @babel/helper-string-parser@https://registry.npmjs.org/@babel/helper-string-parser/-/helper-string-parser-7.27.1.tgz. Extracting by manifest.
863 silly tarball no local data for @babel/helper-plugin-utils@https://registry.npmjs.org/@babel/helper-plugin-utils/-/helper-plugin-utils-7.27.1.tgz. Extracting by manifest.
864 silly tarball no local data for @babel/helper-module-imports@https://registry.npmjs.org/@babel/helper-module-imports/-/helper-module-imports-7.27.1.tgz. Extracting by manifest.
865 silly tarball no local data for browserslist@https://registry.npmjs.org/browserslist/-/browserslist-4.28.0.tgz. Extracting by manifest.
866 silly tarball no local data for @babel/helper-validator-option@https://registry.npmjs.org/@babel/helper-validator-option/-/helper-validator-option-7.27.1.tgz. Extracting by manifest.
867 silly tarball no local data for @babel/compat-data@https://registry.npmjs.org/@babel/compat-data/-/compat-data-7.28.5.tgz. Extracting by manifest.
868 silly tarball no local data for jsesc@https://registry.npmjs.org/jsesc/-/jsesc-3.1.0.tgz. Extracting by manifest.
869 silly tarball no local data for lru-cache@https://registry.npmjs.org/lru-cache/-/lru-cache-5.1.1.tgz. Extracting by manifest.
870 silly tarball no local data for @jridgewell/trace-mapping@https://registry.npmjs.org/@jridgewell/trace-mapping/-/trace-mapping-0.3.31.tgz. Extracting by manifest.
871 silly tarball no local data for @jridgewell/gen-mapping@https://registry.npmjs.org/@jridgewell/gen-mapping/-/gen-mapping-0.3.13.tgz. Extracting by manifest.
872 silly tarball no local data for picocolors@https://registry.npmjs.org/picocolors/-/picocolors-1.1.1.tgz. Extracting by manifest.
873 silly tarball no local data for js-tokens@https://registry.npmjs.org/js-tokens/-/js-tokens-4.0.0.tgz. Extracting by manifest.
874 silly tarball no local data for @babel/helper-validator-identifier@https://registry.npmjs.org/@babel/helper-validator-identifier/-/helper-validator-identifier-7.28.5.tgz. Extracting by manifest.
875 silly tarball no local data for semver@https://registry.npmjs.org/semver/-/semver-6.3.1.tgz. Extracting by manifest.
876 silly tarball no local data for json5@https://registry.npmjs.org/json5/-/json5-2.2.3.tgz. Extracting by manifest.
877 silly tarball no local data for gensync@https://registry.npmjs.org/gensync/-/gensync-1.0.0-beta.2.tgz. Extracting by manifest.
878 silly tarball no local data for debug@https://registry.npmjs.org/debug/-/debug-4.4.3.tgz. Extracting by manifest.
879 silly tarball no local data for convert-source-map@https://registry.npmjs.org/convert-source-map/-/convert-source-map-2.0.0.tgz. Extracting by manifest.
880 silly tarball no local data for @jridgewell/remapping@https://registry.npmjs.org/@jridgewell/remapping/-/remapping-2.3.5.tgz. Extracting by manifest.
881 silly tarball no local data for @babel/types@https://registry.npmjs.org/@babel/types/-/types-7.28.5.tgz. Extracting by manifest.
882 silly tarball no local data for @babel/traverse@https://registry.npmjs.org/@babel/traverse/-/traverse-7.28.5.tgz. Extracting by manifest.
883 silly tarball no local data for @babel/template@https://registry.npmjs.org/@babel/template/-/template-7.27.2.tgz. Extracting by manifest.
884 silly tarball no local data for update-browserslist-db@https://registry.npmjs.org/update-browserslist-db/-/update-browserslist-db-1.1.4.tgz. Extracting by manifest.
885 silly tarball no local data for @babel/parser@https://registry.npmjs.org/@babel/parser/-/parser-7.28.5.tgz. Extracting by manifest.
886 silly tarball no local data for @babel/helpers@https://registry.npmjs.org/@babel/helpers/-/helpers-7.28.4.tgz. Extracting by manifest.
887 silly tarball no local data for @babel/helper-module-transforms@https://registry.npmjs.org/@babel/helper-module-transforms/-/helper-module-transforms-7.28.3.tgz. Extracting by manifest.
888 silly tarball no local data for @babel/code-frame@https://registry.npmjs.org/@babel/code-frame/-/code-frame-7.27.1.tgz. Extracting by manifest.
889 silly tarball no local data for react-refresh@https://registry.npmjs.org/react-refresh/-/react-refresh-0.17.0.tgz. Extracting by manifest.
890 silly tarball no local data for @babel/generator@https://registry.npmjs.org/@babel/generator/-/generator-7.28.5.tgz. Extracting by manifest.
891 silly tarball no local data for @types/babel__core@https://registry.npmjs.org/@types/babel__core/-/babel__core-7.20.5.tgz. Extracting by manifest.
892 silly tarball no local data for @babel/plugin-transform-react-jsx-source@https://registry.npmjs.org/@babel/plugin-transform-react-jsx-source/-/plugin-transform-react-jsx-source-7.27.1.tgz. Extracting by manifest.
893 silly tarball no local data for @rolldown/pluginutils@https://registry.npmjs.org/@rolldown/pluginutils/-/pluginutils-1.0.0-beta.27.tgz. Extracting by manifest.
894 silly tarball no local data for @babel/core@https://registry.npmjs.org/@babel/core/-/core-7.28.5.tgz. Extracting by manifest.
895 silly tarball no local data for csstype@https://registry.npmjs.org/csstype/-/csstype-3.2.3.tgz. Extracting by manifest.
896 silly tarball no local data for @types/prop-types@https://registry.npmjs.org/@types/prop-types/-/prop-types-15.7.15.tgz. Extracting by manifest.
897 silly tarball no local data for @babel/plugin-transform-react-jsx-self@https://registry.npmjs.org/@babel/plugin-transform-react-jsx-self/-/plugin-transform-react-jsx-self-7.27.1.tgz. Extracting by manifest.
898 silly tarball no local data for typescript@https://registry.npmjs.org/typescript/-/typescript-5.9.3.tgz. Extracting by manifest.
899 silly tarball no local data for react-router-dom@https://registry.npmjs.org/react-router-dom/-/react-router-dom-6.30.2.tgz. Extracting by manifest.
900 silly tarball no local data for react-dom@https://registry.npmjs.org/react-dom/-/react-dom-18.3.1.tgz. Extracting by manifest.
901 silly tarball no local data for react@https://registry.npmjs.org/react/-/react-18.3.1.tgz. Extracting by manifest.
902 silly tarball no local data for @babel/helper-compilation-targets@https://registry.npmjs.org/@babel/helper-compilation-targets/-/helper-compilation-targets-7.27.2.tgz. Extracting by manifest.
903 silly tarball no local data for vite@https://registry.npmjs.org/vite/-/vite-5.4.21.tgz. Extracting by manifest.
904 silly tarball no local data for @vitejs/plugin-react@https://registry.npmjs.org/@vitejs/plugin-react/-/plugin-react-4.7.0.tgz. Extracting by manifest.
905 silly tarball no local data for @types/react-dom@https://registry.npmjs.org/@types/react-dom/-/react-dom-18.3.7.tgz. Extracting by manifest.
906 silly tarball no local data for @types/react@https://registry.npmjs.org/@types/react/-/react-18.3.27.tgz. Extracting by manifest.
907 http fetch GET 200 https://registry.npmjs.org/nanoid/-/nanoid-3.3.11.tgz 176ms (cache miss)
908 http fetch GET 200 https://registry.npmjs.org/@types/estree/-/estree-1.0.8.tgz 217ms (cache miss)
909 http fetch GET 200 https://registry.npmjs.org/source-map-js/-/source-map-js-1.2.1.tgz 301ms (cache miss)
910 http fetch GET 200 https://registry.npmjs.org/rollup/-/rollup-4.53.3.tgz 566ms (cache miss)
911 http fetch GET 200 https://registry.npmjs.org/loose-envify/-/loose-envify-1.4.0.tgz 582ms (cache miss)
912 http fetch POST 200 https://registry.npmjs.org/-/npm/v1/security/advisories/bulk 636ms
913 silly audit report {
913 silly audit report   esbuild: [
913 silly audit report     {
913 silly audit report       id: 1102341,
913 silly audit report       url: 'https://github.com/advisories/GHSA-67mh-4wv8-2f99',
913 silly audit report       title: 'esbuild enables any website to send any requests to the development server and read the response',
913 silly audit report       severity: 'moderate',
913 silly audit report       vulnerable_versions: '<=0.24.2',
913 silly audit report       cwe: [Array],
913 silly audit report       cvss: [Object]
913 silly audit report     }
913 silly audit report   ]
913 silly audit report }
914 silly packumentCache corgi:https://registry.npmjs.org/esbuild cache-miss
915 http fetch GET 200 https://registry.npmjs.org/ms/-/ms-2.1.3.tgz 625ms (cache miss)
916 http fetch GET 200 https://registry.npmjs.org/electron-to-chromium/-/electron-to-chromium-1.5.260.tgz 692ms (cache miss)
917 http fetch GET 200 https://registry.npmjs.org/node-releases/-/node-releases-2.0.27.tgz 713ms (cache miss)
918 http fetch GET 200 https://registry.npmjs.org/caniuse-lite/-/caniuse-lite-1.0.30001757.tgz 872ms (cache miss)
919 http fetch GET 200 https://registry.npmjs.org/baseline-browser-mapping/-/baseline-browser-mapping-2.8.31.tgz 929ms (cache miss)
920 http fetch GET 200 https://registry.npmjs.org/@types/babel__template/-/babel__template-7.4.4.tgz 947ms (cache miss)
921 http fetch GET 200 https://registry.npmjs.org/scheduler/-/scheduler-0.23.2.tgz 968ms (cache miss)
922 http fetch GET 200 https://registry.npmjs.org/esbuild/-/esbuild-0.21.5.tgz 1092ms (cache miss)
923 http fetch GET 200 https://registry.npmjs.org/escalade/-/escalade-3.2.0.tgz 1110ms (cache miss)
924 http fetch GET 200 https://registry.npmjs.org/yallist/-/yallist-3.1.1.tgz 1110ms (cache miss)
925 http fetch GET 200 https://registry.npmjs.org/postcss/-/postcss-8.5.6.tgz 1113ms (cache miss)
926 http fetch GET 200 https://registry.npmjs.org/fsevents/-/fsevents-2.3.3.tgz 1159ms (cache miss)
927 http fetch GET 200 https://registry.npmjs.org/@types/babel__generator/-/babel__generator-7.27.0.tgz 1159ms (cache miss)
928 http fetch GET 200 https://registry.npmjs.org/@types/babel__traverse/-/babel__traverse-7.28.0.tgz 1178ms (cache miss)
929 http fetch GET 200 https://registry.npmjs.org/@jridgewell/resolve-uri/-/resolve-uri-3.1.2.tgz 1204ms (cache miss)
930 http fetch GET 200 https://registry.npmjs.org/@jridgewell/sourcemap-codec/-/sourcemap-codec-1.5.5.tgz 1276ms (cache miss)
931 http fetch GET 200 https://registry.npmjs.org/@babel/helper-globals/-/helper-globals-7.28.0.tgz 1283ms (cache miss)
932 http fetch GET 200 https://registry.npmjs.org/@babel/helper-string-parser/-/helper-string-parser-7.27.1.tgz 1293ms (cache miss)
933 http fetch GET 200 https://registry.npmjs.org/react-router/-/react-router-6.30.2.tgz 1324ms (cache miss)
934 http fetch GET 200 https://registry.npmjs.org/@babel/helper-validator-option/-/helper-validator-option-7.27.1.tgz 1434ms (cache miss)
935 http fetch GET 200 https://registry.npmjs.org/browserslist/-/browserslist-4.28.0.tgz 1450ms (cache miss)
936 http fetch GET 200 https://registry.npmjs.org/@babel/helper-module-imports/-/helper-module-imports-7.27.1.tgz 1495ms (cache miss)
937 http fetch GET 200 https://registry.npmjs.org/@babel/helper-plugin-utils/-/helper-plugin-utils-7.27.1.tgz 1528ms (cache miss)
938 http fetch GET 200 https://registry.npmjs.org/jsesc/-/jsesc-3.1.0.tgz 1611ms (cache miss)
939 http fetch GET 200 https://registry.npmjs.org/lru-cache/-/lru-cache-5.1.1.tgz 1610ms (cache miss)
940 http fetch GET 200 https://registry.npmjs.org/@babel/compat-data/-/compat-data-7.28.5.tgz 1613ms (cache miss)
941 http fetch GET 200 https://registry.npmjs.org/@jridgewell/trace-mapping/-/trace-mapping-0.3.31.tgz 1644ms (cache miss)
942 http fetch GET 200 https://registry.npmjs.org/picocolors/-/picocolors-1.1.1.tgz 1658ms (cache miss)
943 http fetch GET 200 https://registry.npmjs.org/js-tokens/-/js-tokens-4.0.0.tgz 1658ms (cache miss)
944 http fetch GET 200 https://registry.npmjs.org/@jridgewell/gen-mapping/-/gen-mapping-0.3.13.tgz 1660ms (cache miss)
945 http fetch GET 200 https://registry.npmjs.org/@babel/helper-validator-identifier/-/helper-validator-identifier-7.28.5.tgz 1682ms (cache miss)
946 http fetch GET 200 https://registry.npmjs.org/semver/-/semver-6.3.1.tgz 1755ms (cache miss)
947 http fetch GET 200 https://registry.npmjs.org/json5/-/json5-2.2.3.tgz 1785ms (cache miss)
948 http fetch GET 200 https://registry.npmjs.org/gensync/-/gensync-1.0.0-beta.2.tgz 1809ms (cache miss)
949 http fetch GET 200 https://registry.npmjs.org/debug/-/debug-4.4.3.tgz 1842ms (cache miss)
950 http fetch GET 200 https://registry.npmjs.org/convert-source-map/-/convert-source-map-2.0.0.tgz 1909ms (cache miss)
951 http fetch GET 200 https://registry.npmjs.org/@jridgewell/remapping/-/remapping-2.3.5.tgz 1955ms (cache miss)
952 http fetch GET 200 https://registry.npmjs.org/@babel/traverse/-/traverse-7.28.5.tgz 2011ms (cache miss)
953 http fetch GET 200 https://registry.npmjs.org/update-browserslist-db/-/update-browserslist-db-1.1.4.tgz 2010ms (cache miss)
954 http fetch GET 200 https://registry.npmjs.org/@babel/template/-/template-7.27.2.tgz 2079ms (cache miss)
955 http fetch GET 200 https://registry.npmjs.org/@babel/helpers/-/helpers-7.28.4.tgz 2243ms (cache miss)
956 http fetch GET 200 https://registry.npmjs.org/@remix-run/router/-/router-1.23.1.tgz 2251ms (cache miss)
957 http fetch GET 200 https://registry.npmjs.org/@babel/helper-module-transforms/-/helper-module-transforms-7.28.3.tgz 2264ms (cache miss)
958 http fetch GET 200 https://registry.npmjs.org/@babel/code-frame/-/code-frame-7.27.1.tgz 2271ms (cache miss)
959 http fetch GET 200 https://registry.npmjs.org/react-refresh/-/react-refresh-0.17.0.tgz 2297ms (cache miss)
960 http fetch GET 200 https://registry.npmjs.org/@babel/generator/-/generator-7.28.5.tgz 2387ms (cache miss)
961 http fetch GET 200 https://registry.npmjs.org/@types/babel__core/-/babel__core-7.20.5.tgz 2464ms (cache miss)
962 http fetch GET 200 https://registry.npmjs.org/@rollup/rollup-darwin-arm64/-/rollup-darwin-arm64-4.53.3.tgz 2476ms (cache miss)
963 http fetch GET 200 https://registry.npmjs.org/@babel/plugin-transform-react-jsx-source/-/plugin-transform-react-jsx-source-7.27.1.tgz 2473ms (cache miss)
964 http fetch GET 200 https://registry.npmjs.org/@rolldown/pluginutils/-/pluginutils-1.0.0-beta.27.tgz 2602ms (cache miss)
965 http fetch GET 200 https://registry.npmjs.org/@babel/plugin-transform-react-jsx-self/-/plugin-transform-react-jsx-self-7.27.1.tgz 2610ms (cache miss)
966 http fetch GET 200 https://registry.npmjs.org/@types/prop-types/-/prop-types-15.7.15.tgz 2610ms (cache miss)
967 http fetch GET 200 https://registry.npmjs.org/@babel/parser/-/parser-7.28.5.tgz 2613ms (cache miss)
968 http fetch GET 200 https://registry.npmjs.org/@babel/types/-/types-7.28.5.tgz 2843ms (cache miss)
969 http fetch GET 200 https://registry.npmjs.org/react/-/react-18.3.1.tgz 2861ms (cache miss)
970 http fetch GET 200 https://registry.npmjs.org/@babel/core/-/core-7.28.5.tgz 2907ms (cache miss)
971 http fetch GET 200 https://registry.npmjs.org/@vitejs/plugin-react/-/plugin-react-4.7.0.tgz 2919ms (cache miss)
972 http fetch GET 200 https://registry.npmjs.org/@babel/helper-compilation-targets/-/helper-compilation-targets-7.27.2.tgz 2923ms (cache miss)
973 http fetch GET 200 https://registry.npmjs.org/csstype/-/csstype-3.2.3.tgz 2950ms (cache miss)
974 http fetch GET 200 https://registry.npmjs.org/@types/react/-/react-18.3.27.tgz 3117ms (cache miss)
975 http fetch GET 200 https://registry.npmjs.org/esbuild 2552ms (cache miss)
976 silly packumentCache corgi:https://registry.npmjs.org/esbuild set size:undefined disposed:false
977 http fetch GET 200 https://registry.npmjs.org/@types/react-dom/-/react-dom-18.3.7.tgz 3173ms (cache miss)
978 silly packumentCache corgi:https://registry.npmjs.org/vite cache-miss
979 http fetch GET 200 https://registry.npmjs.org/react-router-dom/-/react-router-dom-6.30.2.tgz 3209ms (cache miss)
980 http fetch GET 200 https://registry.npmjs.org/vite 720ms (cache miss)
981 silly packumentCache corgi:https://registry.npmjs.org/vite set size:undefined disposed:false
982 silly packumentCache corgi:https://registry.npmjs.org/@vitejs%2fplugin-react cache-miss
983 http fetch GET 200 https://registry.npmjs.org/vite/-/vite-5.4.21.tgz 3951ms (cache miss)
984 http fetch GET 200 https://registry.npmjs.org/react-dom/-/react-dom-18.3.1.tgz 4162ms (cache miss)
985 http fetch GET 200 https://registry.npmjs.org/@vitejs%2fplugin-react 222ms (cache miss)
986 silly packumentCache corgi:https://registry.npmjs.org/@vitejs%2fplugin-react set size:undefined disposed:false
987 http fetch GET 200 https://registry.npmjs.org/@esbuild/darwin-arm64/-/darwin-arm64-0.21.5.tgz 5177ms (cache miss)
988 http fetch GET 200 https://registry.npmjs.org/typescript/-/typescript-5.9.3.tgz 5369ms (cache miss)
989 info run fsevents@2.3.3 install node_modules/fsevents node-gyp rebuild
990 info run fsevents@2.3.3 install { code: 1, signal: null }
991 verbose reify failed optional dependency /Users/calaceantitus/Downloads/exemplu/TestRepo/Proiect-IS/musicapp_frontend/node_modules/fsevents
992 silly reify mark deleted [
992 silly reify   '/Users/calaceantitus/Downloads/exemplu/TestRepo/Proiect-IS/musicapp_frontend/node_modules/fsevents'
992 silly reify ]
993 info run esbuild@0.21.5 postinstall node_modules/esbuild node install.js
994 info run esbuild@0.21.5 postinstall { code: 0, signal: null }
995 silly ADD node_modules/@types/estree
996 silly ADD node_modules/@rollup/rollup-win32-x64-msvc
997 silly ADD node_modules/@rollup/rollup-win32-x64-gnu
998 silly ADD node_modules/@rollup/rollup-win32-ia32-msvc
999 silly ADD node_modules/@rollup/rollup-win32-arm64-msvc
1000 silly ADD node_modules/@rollup/rollup-openharmony-arm64
1001 silly ADD node_modules/@rollup/rollup-linux-x64-musl
1002 silly ADD node_modules/@rollup/rollup-linux-x64-gnu
1003 silly ADD node_modules/@rollup/rollup-linux-s390x-gnu
1004 silly ADD node_modules/@rollup/rollup-linux-riscv64-musl
1005 silly ADD node_modules/@rollup/rollup-linux-riscv64-gnu
1006 silly ADD node_modules/@rollup/rollup-linux-ppc64-gnu
1007 silly ADD node_modules/@rollup/rollup-linux-loong64-gnu
1008 silly ADD node_modules/@rollup/rollup-linux-arm64-musl
1009 silly ADD node_modules/@rollup/rollup-linux-arm64-gnu
1010 silly ADD node_modules/@rollup/rollup-linux-arm-musleabihf
1011 silly ADD node_modules/@rollup/rollup-linux-arm-gnueabihf
1012 silly ADD node_modules/@rollup/rollup-freebsd-x64
1013 silly ADD node_modules/@rollup/rollup-freebsd-arm64
1014 silly ADD node_modules/@rollup/rollup-darwin-x64
1015 silly ADD node_modules/@rollup/rollup-darwin-arm64
1016 silly ADD node_modules/@rollup/rollup-android-arm64
1017 silly ADD node_modules/@rollup/rollup-android-arm-eabi
1018 silly ADD node_modules/source-map-js
1019 silly ADD node_modules/nanoid
1020 silly ADD node_modules/@esbuild/win32-x64
1021 silly ADD node_modules/@esbuild/win32-ia32
1022 silly ADD node_modules/@esbuild/win32-arm64
1023 silly ADD node_modules/@esbuild/sunos-x64
1024 silly ADD node_modules/@esbuild/openbsd-x64
1025 silly ADD node_modules/@esbuild/netbsd-x64
1026 silly ADD node_modules/@esbuild/linux-x64
1027 silly ADD node_modules/@esbuild/linux-s390x
1028 silly ADD node_modules/@esbuild/linux-riscv64
1029 silly ADD node_modules/@esbuild/linux-ppc64
1030 silly ADD node_modules/@esbuild/linux-mips64el
1031 silly ADD node_modules/@esbuild/linux-loong64
1032 silly ADD node_modules/@esbuild/linux-ia32
1033 silly ADD node_modules/@esbuild/linux-arm64
1034 silly ADD node_modules/@esbuild/linux-arm
1035 silly ADD node_modules/@esbuild/freebsd-x64
1036 silly ADD node_modules/@esbuild/freebsd-arm64
1037 silly ADD node_modules/@esbuild/darwin-x64
1038 silly ADD node_modules/@esbuild/darwin-arm64
1039 silly ADD node_modules/@esbuild/android-x64
1040 silly ADD node_modules/@esbuild/android-arm64
1041 silly ADD node_modules/@esbuild/android-arm
1042 silly ADD node_modules/@esbuild/aix-ppc64
1043 silly ADD node_modules/rollup
1044 silly ADD node_modules/postcss
1045 silly ADD node_modules/fsevents
1046 silly ADD node_modules/esbuild
1047 silly ADD node_modules/escalade
1048 silly ADD node_modules/react-router
1049 silly ADD node_modules/@remix-run/router
1050 silly ADD node_modules/scheduler
1051 silly ADD node_modules/loose-envify
1052 silly ADD node_modules/yallist
1053 silly ADD node_modules/ms
1054 silly ADD node_modules/update-browserslist-db
1055 silly ADD node_modules/node-releases
1056 silly ADD node_modules/electron-to-chromium
1057 silly ADD node_modules/caniuse-lite
1058 silly ADD node_modules/baseline-browser-mapping
1059 silly ADD node_modules/@types/babel__traverse
1060 silly ADD node_modules/@types/babel__template
1061 silly ADD node_modules/@types/babel__generator
1062 silly ADD node_modules/@jridgewell/resolve-uri
1063 silly ADD node_modules/@jridgewell/sourcemap-codec
1064 silly ADD node_modules/@babel/helper-string-parser
1065 silly ADD node_modules/@babel/helper-globals
1066 silly ADD node_modules/@babel/helper-plugin-utils
1067 silly ADD node_modules/@babel/helper-module-imports
1068 silly ADD node_modules/lru-cache
1069 silly ADD node_modules/browserslist
1070 silly ADD node_modules/@babel/helper-validator-option
1071 silly ADD node_modules/@babel/compat-data
1072 silly ADD node_modules/jsesc
1073 silly ADD node_modules/@jridgewell/trace-mapping
1074 silly ADD node_modules/@jridgewell/gen-mapping
1075 silly ADD node_modules/picocolors
1076 silly ADD node_modules/js-tokens
1077 silly ADD node_modules/@babel/helper-validator-identifier
1078 silly ADD node_modules/semver
1079 silly ADD node_modules/json5
1080 silly ADD node_modules/gensync
1081 silly ADD node_modules/debug
1082 silly ADD node_modules/convert-source-map
1083 silly ADD node_modules/@jridgewell/remapping
1084 silly ADD node_modules/@babel/types
1085 silly ADD node_modules/@babel/traverse
1086 silly ADD node_modules/@babel/template
1087 silly ADD node_modules/@babel/parser
1088 silly ADD node_modules/@babel/helpers
1089 silly ADD node_modules/@babel/helper-module-transforms
1090 silly ADD node_modules/@babel/helper-compilation-targets
1091 silly ADD node_modules/@babel/generator
1092 silly ADD node_modules/@babel/code-frame
1093 silly ADD node_modules/react-refresh
1094 silly ADD node_modules/@types/babel__core
1095 silly ADD node_modules/@rolldown/pluginutils
1096 silly ADD node_modules/@babel/plugin-transform-react-jsx-source
1097 silly ADD node_modules/@babel/plugin-transform-react-jsx-self
1098 silly ADD node_modules/@babel/core
1099 silly ADD node_modules/csstype
1100 silly ADD node_modules/@types/prop-types
1101 silly ADD node_modules/typescript
1102 silly ADD node_modules/react-router-dom
1103 silly ADD node_modules/react-dom
1104 silly ADD node_modules/react
1105 silly ADD node_modules/vite
1106 silly ADD node_modules/@vitejs/plugin-react
1107 silly ADD node_modules/@types/react-dom
1108 silly ADD node_modules/@types/react
1109 verbose cwd /Users/calaceantitus/Downloads/exemplu/TestRepo/Proiect-IS/musicapp_frontend
1110 verbose os Darwin 24.6.0
1111 verbose node v24.9.0
1112 verbose npm  v11.6.0
1113 notice
1113 notice New patch version of npm available! 11.6.0 -> 11.6.3
1113 notice Changelog: https://github.com/npm/cli/releases/tag/v11.6.3
1113 notice To update run: npm install -g npm@11.6.3
1113 notice  { force: true, Symbol(proc-log.meta): true }
1114 verbose exit 0
1115 info ok
